id_item,id_pedido,id_produto,quantidade,preco_unitario
1,1,23,3,2165.39
2,1,10,1,3383.35
3,2,6,1,1167.83
4,2,37,2,2970.48
5,2,48,2,181.94
6,2,88,1,2438.35
7,2,29,1,2825.36
8,3,88,2,2438.35
9,4,71,1,2501.52
10,4,41,1,52.79
11,5,53,1,2637.75
12,6,53,2,2637.75
13,6,9,2,915.4
14,6,67,1,1258.12
15,7,35,1,1986.11
16,7,89,4,1328.57
17,7,83,1,2165.91
18,8,61,1,206.76
19,8,82,3,895.82
20,9,46,1,755.63
21,10,64,2,1400.43
22,11,83,2,2165.91
23,11,76,1,379.36
24,11,55,1,585.23
25,12,35,2,1986.11
26,12,79,1,2010.32
27,13,22,3,2169.97
28,14,7,1,2920.0
29,14,80,2,955.74
30,14,78,1,1459.96
31,14,32,1,1851.97
32,15,15,3,2253.4
33,15,6,2,1167.83
34,16,56,1,2924.48
35,16,16,1,137.61
36,17,35,3,1986.11
37,18,11,1,1727.17
38,19,77,1,2101.09
39,19,89,1,1328.57
40,20,5,2,1473.07
41,20,1,1,1309.95
42,20,30,-1,392.32
43,21,63,1,2696.04
44,21,10,1,3383.35
45,22,12,1,2786.41
46,22,10,3,3383.35
47,23,33,-1,950.19
48,24,85,2,1551.88
49,25,6,2,1167.83
50,25,73,1,1375.78
51,26,77,1,2101.09
52,27,22,2,2169.97
53,27,56,1,2924.48
54,28,88,1,2438.35
55,28,79,2,2010.32
56,29,54,1,1405.97
57,29,82,2,895.82
58,30,35,3,1986.11
59,30,17,3,3309.15
60,30,3,1,527.71
61,31,28,1,2849.69
62,31,55,-1,585.23
63,32,53,1,2637.75
64,32,48,1,181.94
65,32,72,2,556.59
66,33,84,1,3321.81
67,34,89,1,1328.57
68,34,77,1,2101.09
69,34,19,1,2951.96
70,35,48,1,181.94
71,35,72,4,556.59
72,35,82,2,895.82
73,35,10,3,3383.35
74,35,64,1,1400.43
75,36,6,1,1167.83
76,36,46,1,755.63
77,36,62,1,2938.49
78,36,71,2,2501.52
79,37,58,1,2649.42
80,38,7,1,2920.0
81,39,67,3,1258.12
82,39,26,3,1862.27
83,39,71,1,2501.52
84,39,22,1,2169.97
85,40,38,2,3006.5
86,41,76,3,379.36
87,42,8,3,2297.94
88,42,51,2,3252.01
89,43,1,1,1309.95
90,43,85,2,1551.88
91,44,61,1,206.76
92,45,63,1,2696.04
93,46,10,2,3383.35
94,47,68,1,1522.73
95,48,80,2,955.74
96,48,44,2,3005.6
97,48,78,1,1459.96
98,48,47,1,3108.59
99,49,37,1,2970.48
100,50,12,4,2786.41
101,50,86,1,1065.41
102,50,72,1,556.59
103,50,19,2,2951.96
104,51,78,2,1459.96
105,52,42,1,1759.41
106,53,74,1,1567.58
107,53,35,1,1986.11
108,54,61,1,206.76
109,54,64,4,1400.43
110,55,77,4,2101.09
111,55,43,1,2749.53
112,56,18,1,2679.8
113,56,76,1,379.36
114,57,53,1,2637.75
115,58,22,1,2169.97
116,58,31,1,538.06
117,58,79,1,2010.32
118,58,28,2,2849.69
119,58,2,2,1977.49
120,59,13,4,2526.59
121,59,66,1,3474.1
122,59,71,3,2501.52
123,59,56,1,2924.48
124,59,83,1,2165.91
125,60,34,2,1318.12
126,60,46,2,755.63
127,61,18,2,2679.8
128,61,28,1,2849.69
129,61,63,1,2696.04
130,61,46,2,755.63
131,62,49,1,3240.94
132,63,90,3,3263.49
133,63,82,1,895.82
134,63,38,2,3006.5
135,63,63,1,2696.04
136,63,88,1,2438.35
137,64,82,1,895.82
138,64,53,2,2637.75
139,64,89,1,1328.57
140,65,43,2,2749.53
141,66,40,1,1943.3
142,67,85,2,1551.88
143,68,87,3,1113.26
144,68,85,4,1551.88
145,69,76,3,379.36
146,69,52,1,3365.81
147,69,51,1,3252.01
148,69,36,1,805.88
149,70,57,1,3139.81
150,70,80,2,955.74
151,71,68,2,1522.73
152,71,38,4,3006.5
153,71,6,2,1167.83
154,72,41,1,52.79
155,73,57,1,3139.81
156,74,32,1,1851.97
157,75,55,1,585.23
158,75,46,1,755.63
159,76,8,2,2297.94
160,77,33,3,950.19
161,77,44,2,3005.6
162,77,48,1,181.94
163,78,36,1,805.88
164,79,72,1,556.59
165,79,37,1,2970.48
166,79,36,1,805.88
167,79,2,3,1977.49
168,80,65,1,123.0
169,80,48,3,181.94
170,80,79,1,2010.32
171,80,78,1,1459.96
172,80,76,1,379.36
173,81,26,1,1862.27
174,81,2,1,1977.49
175,81,19,4,2951.96
176,82,63,1,2696.04
177,83,77,1,2101.09
178,83,1,1,1309.95
179,83,28,2,2849.69
180,84,74,3,1567.58
181,84,16,2,137.61
182,84,73,1,1375.78
183,84,80,1,955.74
184,85,11,3,1727.17
185,85,82,1,895.82
186,86,55,1,585.23
187,86,78,4,1459.96
188,86,73,1,1375.78
189,87,9,3,915.4
190,87,77,1,2101.09
191,87,55,2,585.23
192,87,84,4,3321.81
193,88,72,1,556.59
194,89,26,1,1862.27
195,90,34,2,1318.12
196,90,18,1,2679.8
197,91,17,1,3309.15
198,91,74,4,1567.58
199,91,15,2,2253.4
200,92,2,2,1977.49
201,92,17,1,3309.15
202,92,5,1,1473.07
203,93,52,2,3365.81
204,93,17,1,3309.15
205,94,12,1,2786.41
206,95,1,1,1309.95
207,95,8,1,2297.94
208,96,81,2,1532.57
209,96,13,2,2526.59
210,97,12,1,2786.41
211,97,60,3,1762.66
212,97,10,2,3383.35
213,97,67,1,1258.12
214,97,43,1,2749.53
215,98,9,1,915.4
216,98,86,1,1065.41
217,98,56,3,2924.48
218,99,58,1,2649.42
219,100,6,1,1167.83
220,100,56,1,2924.48
221,101,43,1,2749.53
222,101,81,1,1532.57
223,102,30,2,392.32
224,102,44,1,3005.6
225,103,55,1,585.23
226,103,23,1,2165.39
227,104,19,1,2951.96
228,105,49,1,3240.94
229,105,90,2,3263.49
230,105,78,2,1459.96
231,105,47,1,3108.59
232,106,86,1,1065.41
233,106,59,1,3459.8
234,107,55,1,585.23
235,107,38,2,3006.5
236,108,28,1,2849.69
237,108,53,1,2637.75
238,108,8,2,2297.94
239,108,75,1,672.02
240,108,35,2,1986.11
241,109,39,3,345.28
242,109,54,1,1405.97
243,110,65,1,123.0
244,110,58,2,2649.42
245,111,30,1,392.32
246,112,39,1,345.28
247,112,57,2,3139.81
248,113,40,1,1943.3
249,114,2,1,1977.49
250,115,49,2,3240.94
251,115,28,1,2849.69
252,116,64,1,1400.43
253,116,28,1,2849.69
254,117,82,4,895.82
255,118,41,1,52.79
256,118,7,3,2920.0
257,118,38,2,3006.5
258,118,90,1,3263.49
259,118,76,2,379.36
260,119,65,1,123.0
261,120,89,2,1328.57
262,121,19,2,2951.96
263,121,16,3,137.61
264,121,11,1,1727.17
265,121,54,2,1405.97
266,122,71,1,2501.52
267,122,65,2,123.0
268,123,89,3,1328.57
269,123,22,2,2169.97
270,124,19,1,2951.96
271,124,33,1,950.19
272,124,63,1,2696.04
273,124,66,1,3474.1
274,125,87,3,1113.26
275,125,52,3,3365.81
276,125,21,2,1779.85
277,125,63,1,2696.04
278,126,26,1,1862.27
279,126,17,2,3309.15
280,126,9,1,915.4
281,126,44,1,3005.6
282,127,57,1,3139.81
283,127,74,1,1567.58
284,127,87,1,1113.26
285,127,12,2,2786.41
286,128,4,1,3272.86
287,128,83,1,2165.91
288,128,89,1,1328.57
289,128,28,2,2849.69
290,129,35,1,1986.11
291,130,34,3,1318.12
292,130,85,1,1551.88
293,130,29,3,2825.36
294,131,34,1,1318.12
295,132,12,1,2786.41
296,132,7,1,2920.0
297,133,22,1,2169.97
298,133,30,1,392.32
299,133,55,1,585.23
300,134,78,4,1459.96
301,134,87,2,1113.26
302,134,28,3,2849.69
303,134,12,1,2786.41
304,135,63,2,2696.04
305,136,21,2,1779.85
306,136,19,1,2951.96
307,136,22,1,2169.97
308,136,72,3,556.59
309,136,3,2,527.71
310,137,26,1,1862.27
311,137,52,2,3365.81
312,137,58,1,2649.42
313,137,8,3,2297.94
314,138,36,3,805.88
315,138,9,1,915.4
316,139,35,1,1986.11
317,140,16,1,137.61
318,140,90,1,3263.49
319,140,78,1,1459.96
320,140,47,2,3108.59
321,140,21,1,1779.85
322,141,9,2,915.4
323,141,46,1,755.63
324,142,87,1,1113.26
325,142,9,1,915.4
326,142,54,2,1405.97
327,143,79,3,2010.32
328,144,32,1,1851.97
329,144,82,1,895.82
330,145,3,1,527.71
331,145,37,1,2970.48
332,145,23,2,2165.39
333,146,44,1,3005.6
334,147,86,1,1065.41
335,147,58,1,2649.42
336,147,66,1,3474.1
337,148,68,1,1522.73
338,148,34,2,1318.12
339,149,4,2,3272.86
340,149,65,1,123.0
341,149,49,1,3240.94
342,150,80,1,955.74
343,150,44,1,3005.6
344,150,30,4,392.32
345,150,15,2,2253.4
346,150,84,1,3321.81
347,151,9,1,915.4
348,152,39,2,345.28
349,152,41,0,52.79
350,152,79,1,2010.32
351,153,44,2,3005.6
352,153,76,1,379.36
353,154,12,3,2786.41
354,154,60,4,1762.66
355,154,30,1,392.32
356,154,56,1,2924.48
357,155,82,2,895.82
358,156,66,1,3474.1
359,156,63,1,2696.04
360,157,47,1,3108.59
361,157,31,-1,538.06
362,158,22,1,2169.97
363,159,11,3,1727.17
364,160,79,1,2010.32
365,160,48,2,181.94
366,160,85,4,1551.88
367,160,57,3,3139.81
368,161,37,2,2970.48
369,162,79,3,2010.32
370,163,38,1,3006.5
371,164,59,2,3459.8
372,164,38,2,3006.5
373,164,3,1,527.71
374,164,74,1,1567.58
375,165,32,2,1851.97
376,165,80,1,955.74
377,165,75,1,672.02
378,166,17,2,3309.15
379,166,8,1,2297.94
380,167,73,2,1375.78
381,167,51,1,3252.01
382,167,29,1,2825.36
383,167,41,1,52.79
384,168,62,2,2938.49
385,169,33,2,950.19
386,169,79,2,2010.32
387,169,7,1,2920.0
388,170,57,3,3139.81
389,171,81,1,1532.57
390,172,62,3,2938.49
391,172,11,3,1727.17
392,173,38,2,3006.5
393,174,76,1,379.36
394,175,29,1,2825.36
395,175,59,1,3459.8
396,175,22,1,2169.97
397,175,18,1,2679.8
398,176,60,2,1762.66
399,176,71,1,2501.52
400,176,57,3,3139.81
401,177,19,1,2951.96
402,177,79,1,2010.32
403,177,40,2,1943.3
404,178,9,4,915.4
405,178,66,2,3474.1
406,178,38,1,3006.5
407,178,29,2,2825.36
408,179,85,1,1551.88
409,179,40,2,1943.3
410,179,61,2,206.76
411,180,21,2,1779.85
412,181,58,1,2649.42
413,182,33,1,950.19
414,183,16,1,137.61
415,183,61,1,206.76
416,183,65,2,123.0
417,184,36,1,805.88
418,184,8,1,2297.94
419,184,26,1,1862.27
420,185,69,1,2319.04
421,185,23,3,2165.39
422,185,35,1,1986.11
423,186,81,4,1532.57
424,186,3,1,527.71
425,186,12,1,2786.41
426,186,65,3,123.0
427,186,22,2,2169.97
428,187,14,2,3210.71
429,187,67,2,1258.12
430,187,89,2,1328.57
431,188,53,2,2637.75
432,189,67,1,1258.12
433,189,87,1,1113.26
434,189,19,1,2951.96
435,190,57,2,3139.81
436,191,19,1,2951.96
437,191,36,1,805.88
438,191,69,2,2319.04
439,192,16,1,137.61
440,192,74,2,1567.58
441,192,65,3,123.0
442,192,72,2,556.59
443,192,6,3,1167.83
444,193,5,2,1473.07
445,194,82,2,895.82
446,194,86,1,1065.41
447,195,26,3,1862.27
448,195,19,2,2951.96
449,196,3,1,527.71
450,197,55,2,585.23
451,197,47,3,3108.59
452,198,1,1,1309.95
453,198,76,1,379.36
454,198,30,2,392.32
455,199,81,1,1532.57
456,199,48,2,181.94
457,200,71,2,2501.52
458,200,51,1,3252.01
459,200,10,1,3383.35
460,201,31,3,538.06
461,201,22,1,2169.97
462,202,67,3,1258.12
463,202,46,1,755.63
464,202,23,1,2165.39
465,202,22,1,2169.97
466,203,22,1,2169.97
467,203,21,1,1779.85
468,204,21,1,1779.85
469,205,34,1,1318.12
470,205,62,2,2938.49
471,206,28,1,2849.69
472,206,6,1,1167.83
473,206,62,2,2938.49
474,207,14,1,3210.71
475,208,75,3,672.02
476,209,11,1,1727.17
477,209,26,2,1862.27
478,209,21,1,1779.85
479,210,21,1,1779.85
480,210,62,4,2938.49
481,211,15,1,2253.4
482,211,74,1,1567.58
483,211,47,2,3108.59
484,212,56,1,2924.48
485,213,68,2,1522.73
486,213,36,2,805.88
487,214,58,2,2649.42
488,215,17,1,3309.15
489,215,32,2,1851.97
490,216,29,1,2825.36
491,217,85,1,1551.88
492,218,72,1,556.59
493,218,79,1,2010.32
494,218,15,1,2253.4
495,219,74,2,1567.58
496,219,13,1,2526.59
497,220,62,1,2938.49
498,221,8,3,2297.94
499,221,1,1,1309.95
500,221,51,1,3252.01
501,222,47,1,3108.59
502,222,26,3,1862.27
503,223,22,2,2169.97
504,223,60,2,1762.66
505,224,57,1,3139.81
506,225,36,1,805.88
507,225,34,3,1318.12
508,226,31,3,538.06
509,226,32,1,1851.97
510,226,68,2,1522.73
511,226,59,2,3459.8
512,227,14,1,3210.71
513,227,36,0,805.88
514,228,22,2,2169.97
515,228,30,2,392.32
516,228,33,2,950.19
517,229,9,1,915.4
518,229,74,2,1567.58
519,229,68,1,1522.73
520,230,6,1,1167.83
521,231,88,3,2438.35
522,232,36,1,805.88
523,232,10,4,3383.35
524,232,86,3,1065.41
525,233,75,1,672.02
526,233,89,1,1328.57
527,234,21,2,1779.85
528,235,23,3,2165.39
529,235,85,1,1551.88
530,236,82,3,895.82
531,236,79,1,2010.32
532,237,2,2,1977.49
533,237,63,1,2696.04
534,238,19,1,2951.96
535,238,86,4,1065.41
536,239,69,1,2319.04
537,239,3,1,527.71
538,240,52,2,3365.81
539,241,72,1,556.59
540,242,66,1,3474.1
541,243,58,2,2649.42
542,244,42,0,1759.41
543,244,81,2,1532.57
544,244,75,0,672.02
545,244,4,1,3272.86
546,244,38,1,3006.5
547,245,42,2,1759.41
548,245,77,2,2101.09
549,246,14,1,3210.71
550,246,33,1,950.19
551,247,44,2,3005.6
552,248,67,2,1258.12
553,248,38,1,3006.5
554,249,64,2,1400.43
555,250,51,2,3252.01
556,251,83,2,2165.91
557,251,52,4,3365.81
558,252,79,2,2010.32
559,252,29,2,2825.36
560,253,7,2,2920.0
561,253,71,3,2501.52
562,254,89,2,1328.57
563,255,54,3,1405.97
564,256,43,1,2749.53
565,256,37,1,2970.48
566,256,17,4,3309.15
567,256,83,3,2165.91
568,257,5,1,1473.07
569,258,51,2,3252.01
570,259,61,2,206.76
571,260,48,1,181.94
572,260,35,2,1986.11
573,261,68,1,1522.73
574,261,56,2,2924.48
575,262,23,2,2165.39
576,262,13,1,2526.59
577,263,41,1,52.79
578,263,48,3,181.94
579,263,51,2,3252.01
580,263,32,2,1851.97
581,263,14,3,3210.71
582,264,88,2,2438.35
583,264,19,1,2951.96
584,265,36,1,805.88
585,265,86,2,1065.41
586,266,44,2,3005.6
587,266,23,2,2165.39
588,267,47,1,3108.59
589,267,69,3,2319.04
590,267,54,2,1405.97
591,267,85,1,1551.88
592,267,11,1,1727.17
593,268,32,2,1851.97
594,268,52,3,3365.81
595,269,66,1,3474.1
596,270,38,2,3006.5
597,270,42,1,1759.41
598,271,29,1,2825.36
599,272,35,3,1986.11
600,272,89,1,1328.57
601,272,73,1,1375.78
602,273,26,1,1862.27
603,274,62,2,2938.49
604,274,28,1,2849.69
605,274,46,1,755.63
606,275,68,1,1522.73
607,275,72,1,556.59
608,275,7,1,2920.0
609,276,68,1,1522.73
610,277,82,1,895.82
611,277,9,1,915.4
612,277,44,1,3005.6
613,278,49,1,3240.94
614,278,7,1,2920.0
615,278,85,1,1551.88
616,278,82,1,895.82
617,278,80,3,955.74
618,279,13,2,2526.59
619,280,41,2,52.79
620,280,23,2,2165.39
621,281,85,1,1551.88
622,281,65,1,123.0
623,282,80,1,955.74
624,283,82,1,895.82
625,284,75,2,672.02
626,284,84,2,3321.81
627,285,29,2,2825.36
628,285,88,3,2438.35
629,286,43,3,2749.53
630,286,38,2,3006.5
631,287,22,4,2169.97
632,287,73,1,1375.78
633,288,74,1,1567.58
634,289,80,4,955.74
635,289,36,1,805.88
636,289,85,3,1551.88
637,290,80,2,955.74
638,290,87,1,1113.26
639,290,23,1,2165.39
640,291,54,1,1405.97
641,292,3,4,527.71
642,292,66,2,3474.1
643,293,16,1,137.61
644,293,80,1,955.74
645,294,67,3,1258.12
646,294,44,1,3005.6
647,294,18,1,2679.8
648,294,89,1,1328.57
649,295,6,1,1167.83
650,295,41,1,52.79
651,295,47,1,3108.59
652,296,55,1,585.23
653,296,58,1,2649.42
654,297,36,1,805.88
655,297,31,-1,538.06
656,298,62,1,2938.49
657,298,12,2,2786.41
658,298,53,2,2637.75
659,298,88,1,2438.35
660,298,42,1,1759.41
661,299,57,4,3139.81
662,300,35,1,1986.11
663,300,67,1,1258.12
664,300,69,2,2319.04
665,300,28,1,2849.69
666,301,55,1,585.23
667,301,37,2,2970.48
668,302,66,1,3474.1
669,302,47,3,3108.59
670,302,88,1,2438.35
671,302,31,4,538.06
672,302,48,2,181.94
673,303,2,1,1977.49
674,303,38,3,3006.5
675,303,19,1,2951.96
676,303,69,1,2319.04
677,303,60,2,1762.66
678,304,80,1,955.74
679,304,59,2,3459.8
680,304,6,3,1167.83
681,304,60,0,1762.66
682,305,40,1,1943.3
683,305,85,3,1551.88
684,306,35,1,1986.11
685,306,48,1,181.94
686,306,75,1,672.02
687,306,65,2,123.0
688,307,39,1,345.28
689,307,5,1,1473.07
690,307,30,1,392.32
691,308,52,1,3365.81
692,308,72,1,556.59
693,309,13,2,2526.59
694,309,34,1,1318.12
695,309,2,1,1977.49
696,310,17,1,3309.15
697,311,9,3,915.4
698,311,90,2,3263.49
699,311,23,-1,2165.39
700,311,34,1,1318.12
701,312,39,1,345.28
702,312,13,4,2526.59
703,312,79,1,2010.32
704,313,44,3,3005.6
705,313,13,1,2526.59
706,313,88,1,2438.35
707,314,56,4,2924.48
708,315,26,1,1862.27
709,316,2,1,1977.49
710,317,60,1,1762.66
711,318,44,1,3005.6
712,319,67,1,1258.12
713,320,8,1,2297.94
714,320,21,2,1779.85
715,320,5,2,1473.07
716,321,59,-1,3459.8
717,321,76,1,379.36
718,322,18,4,2679.8
719,322,48,1,181.94
720,323,29,2,2825.36
721,323,5,1,1473.07
722,324,72,1,556.59
723,325,16,1,137.61
724,326,59,1,3459.8
725,326,15,2,2253.4
726,326,70,-1,2172.68
727,327,19,2,2951.96
728,327,33,2,950.19
729,328,89,1,1328.57
730,329,39,1,345.28
731,329,11,2,1727.17
732,329,19,1,2951.96
733,329,3,2,527.71
734,330,52,1,3365.81
735,330,46,1,755.63
736,331,78,1,1459.96
737,331,4,2,3272.86
738,331,18,1,2679.8
739,332,15,1,2253.4
740,333,62,1,2938.49
741,334,75,1,672.02
742,334,59,3,3459.8
743,334,37,2,2970.48
744,335,2,1,1977.49
745,335,71,2,2501.52
746,335,74,2,1567.58
747,335,39,4,345.28
748,335,44,1,3005.6
749,336,43,1,2749.53
750,337,30,4,392.32
751,337,57,2,3139.81
752,337,84,4,3321.81
753,338,64,1,1400.43
754,338,6,1,1167.83
755,339,19,1,2951.96
756,339,2,1,1977.49
757,340,52,0,3365.81
758,340,48,1,181.94
759,340,1,1,1309.95
760,340,31,2,538.06
761,341,1,1,1309.95
762,342,16,0,137.61
763,343,87,1,1113.26
764,343,21,3,1779.85
765,343,35,1,1986.11
766,344,86,1,1065.41
767,344,6,1,1167.83
768,344,56,2,2924.48
769,345,38,1,3006.5
770,345,56,3,2924.48
771,346,33,1,950.19
772,347,11,2,1727.17
773,347,13,1,2526.59
774,347,73,1,1375.78
775,347,46,4,755.63
776,347,12,4,2786.41
777,348,53,1,2637.75
778,349,64,1,1400.43
779,349,47,1,3108.59
780,350,62,1,2938.49
781,350,63,1,2696.04
782,350,19,1,2951.96
783,350,7,2,2920.0
784,351,18,2,2679.8
785,352,1,1,1309.95
786,353,71,1,2501.52
787,353,9,3,915.4
788,354,59,4,3459.8
789,354,44,1,3005.6
790,354,22,1,2169.97
791,354,33,4,950.19
792,354,51,1,3252.01
793,355,87,1,1113.26
794,355,26,3,1862.27
795,355,47,1,3108.59
796,355,51,1,3252.01
797,355,79,1,2010.32
798,356,73,1,1375.78
799,356,19,2,2951.96
800,357,17,1,3309.15
801,357,79,2,2010.32
802,357,87,1,1113.26
803,357,61,1,206.76
804,357,9,2,915.4
805,358,38,4,3006.5
806,358,44,1,3005.6
807,358,55,1,585.23
808,358,6,3,1167.83
809,359,48,1,181.94
810,359,35,2,1986.11
811,360,21,1,1779.85
812,361,59,1,3459.8
813,361,75,2,672.02
814,362,28,4,2849.69
815,362,57,2,3139.81
816,362,64,1,1400.43
817,363,17,3,3309.15
818,363,40,1,1943.3
819,363,10,2,3383.35
820,363,86,1,1065.41
821,363,63,1,2696.04
822,364,2,1,1977.49
823,365,79,1,2010.32
824,366,39,2,345.28
825,367,55,1,585.23
826,367,77,1,2101.09
827,368,52,1,3365.81
828,368,22,1,2169.97
829,369,41,2,52.79
830,370,85,1,1551.88
831,370,70,1,2172.68
832,370,30,3,392.32
833,371,82,2,895.82
834,372,74,1,1567.58
835,372,73,1,1375.78
836,372,40,1,1943.3
837,373,6,1,1167.83
838,373,28,1,2849.69
839,373,12,1,2786.41
840,374,16,2,137.61
841,374,58,1,2649.42
842,374,7,1,2920.0
843,374,44,2,3005.6
844,375,8,1,2297.94
845,376,64,1,1400.43
846,377,40,1,1943.3
847,378,35,2,1986.11
848,378,14,1,3210.71
849,378,70,1,2172.68
850,379,21,4,1779.85
851,379,52,2,3365.81
852,379,85,1,1551.88
853,380,48,2,181.94
854,380,53,4,2637.75
855,380,2,1,1977.49
856,381,23,1,2165.39
857,381,78,1,1459.96
858,382,83,1,2165.91
859,382,8,1,2297.94
860,382,34,2,1318.12
861,383,21,2,1779.85
862,383,17,1,3309.15
863,383,30,1,392.32
864,383,83,2,2165.91
865,383,82,3,895.82
866,384,41,1,52.79
867,385,52,3,3365.81
868,385,66,1,3474.1
869,386,18,1,2679.8
870,387,16,2,137.61
871,387,57,1,3139.81
872,387,81,1,1532.57
873,387,5,1,1473.07
874,387,56,2,2924.48
875,388,36,2,805.88
876,388,80,3,955.74
877,388,53,1,2637.75
878,389,56,0,2924.48
879,389,10,1,3383.35
880,389,1,4,1309.95
881,390,22,2,2169.97
882,390,41,1,52.79
883,390,32,3,1851.97
884,390,15,1,2253.4
885,391,10,1,3383.35
886,391,2,1,1977.49
887,392,53,4,2637.75
888,392,77,1,2101.09
889,393,85,1,1551.88
890,393,48,1,181.94
891,393,34,3,1318.12
892,393,44,1,3005.6
893,394,81,3,1532.57
894,394,61,1,206.76
895,395,15,2,2253.4
896,395,18,3,2679.8
897,395,76,1,379.36
898,396,71,1,2501.52
899,396,13,1,2526.59
900,397,83,1,2165.91
901,397,66,1,3474.1
902,397,22,1,2169.97
903,398,66,1,3474.1
904,399,65,1,123.0
905,400,38,1,3006.5
906,400,90,2,3263.49
907,401,69,1,2319.04
908,402,63,2,2696.04
909,402,42,1,1759.41
910,402,10,1,3383.35
911,403,57,2,3139.81
912,404,73,2,1375.78
913,405,18,1,2679.8
914,405,2,2,1977.49
915,406,49,1,3240.94
916,407,18,2,2679.8
917,407,52,1,3365.81
918,408,4,2,3272.86
919,409,34,1,1318.12
920,409,26,1,1862.27
921,410,74,1,1567.58
922,410,84,2,3321.81
923,410,19,1,2951.96
924,411,46,2,755.63
925,411,29,1,2825.36
926,411,90,1,3263.49
927,412,22,1,2169.97
928,413,74,1,1567.58
929,414,17,1,3309.15
930,414,65,3,123.0
931,414,31,1,538.06
932,414,28,2,2849.69
933,415,16,1,137.61
934,415,69,2,2319.04
935,416,39,2,345.28
936,417,26,3,1862.27
937,418,26,1,1862.27
938,419,79,1,2010.32
939,419,77,1,2101.09
940,419,2,1,1977.49
941,419,13,1,2526.59
942,419,39,3,345.28
943,420,29,3,2825.36
944,420,64,1,1400.43
945,421,31,1,538.06
946,421,28,1,2849.69
947,422,63,2,2696.04
948,422,22,1,2169.97
949,422,79,1,2010.32
950,422,40,1,1943.3
951,423,51,2,3252.01
952,424,84,1,3321.81
953,425,70,3,2172.68
954,425,28,1,2849.69
955,425,76,1,379.36
956,426,62,2,2938.49
957,427,65,2,123.0
958,427,23,1,2165.39
959,427,77,2,2101.09
960,428,1,3,1309.95
961,428,71,2,2501.52
962,429,3,1,527.71
963,429,23,3,2165.39
964,429,6,2,1167.83
965,430,10,3,3383.35
966,431,40,1,1943.3
967,431,38,1,3006.5
968,432,36,1,805.88
969,432,31,1,538.06
970,432,26,2,1862.27
971,432,1,3,1309.95
972,432,23,2,2165.39
973,433,5,1,1473.07
974,434,41,1,52.79
975,434,31,1,538.06
976,434,86,2,1065.41
977,435,1,1,1309.95
978,435,75,2,672.02
979,436,39,2,345.28
980,437,48,1,181.94
981,437,83,2,2165.91
982,438,70,1,2172.68
983,439,40,1,1943.3
984,439,22,1,2169.97
985,440,31,3,538.06
986,441,57,1,3139.81
987,442,58,3,2649.42
988,442,17,1,3309.15
989,443,58,1,2649.42
990,443,37,1,2970.48
991,444,34,1,1318.12
992,445,75,3,672.02
993,445,39,1,345.28
994,445,46,1,755.63
995,446,13,1,2526.59
996,447,14,1,3210.71
997,447,43,1,2749.53
998,448,38,2,3006.5
999,448,66,2,3474.1
1000,449,71,2,2501.52
1001,449,76,3,379.36
1002,449,35,1,1986.11
1003,449,37,4,2970.48
1004,449,87,1,1113.26
1005,450,80,4,955.74
1006,450,30,2,392.32
1007,451,52,3,3365.81
1008,451,86,1,1065.41
1009,452,73,1,1375.78
1010,453,29,1,2825.36
1011,453,76,2,379.36
1012,454,26,2,1862.27
1013,454,3,1,527.71
1014,455,32,3,1851.97
1015,455,88,1,2438.35
1016,456,28,0,2849.69
1017,457,88,1,2438.35
1018,457,58,1,2649.42
1019,458,37,2,2970.48
1020,458,28,3,2849.69
1021,459,79,1,2010.32
1022,460,60,2,1762.66
1023,460,57,1,3139.81
1024,460,23,1,2165.39
1025,461,53,1,2637.75
1026,461,62,1,2938.49
1027,461,29,2,2825.36
1028,461,28,2,2849.69
1029,461,9,1,915.4
1030,462,22,1,2169.97
1031,463,1,2,1309.95
1032,464,69,2,2319.04
1033,465,60,2,1762.66
1034,466,32,2,1851.97
1035,466,74,1,1567.58
1036,467,61,1,206.76
1037,468,15,1,2253.4
1038,468,31,2,538.06
1039,468,30,2,392.32
1040,468,59,1,3459.8
1041,469,40,1,1943.3
1042,469,41,1,52.79
1043,470,68,3,1522.73
1044,470,60,1,1762.66
1045,471,86,4,1065.41
1046,472,49,1,3240.94
1047,472,13,4,2526.59
1048,473,29,1,2825.36
1049,473,26,3,1862.27
1050,474,39,1,345.28
1051,475,48,2,181.94
1052,476,79,2,2010.32
1053,477,54,2,1405.97
1054,477,33,1,950.19
1055,477,55,2,585.23
1056,478,39,1,345.28
1057,478,9,1,915.4
1058,478,90,3,3263.49
1059,479,39,1,345.28
1060,479,26,1,1862.27
1061,479,12,1,2786.41
1062,480,10,2,3383.35
1063,480,38,1,3006.5
1064,481,33,1,950.19
1065,482,65,1,123.0
1066,483,90,1,3263.49
1067,483,51,1,3252.01
1068,483,60,1,1762.66
1069,484,43,1,2749.53
1070,484,12,2,2786.41
1071,485,23,2,2165.39
1072,485,80,1,955.74
1073,486,78,1,1459.96
1074,486,56,1,2924.48
1075,487,5,1,1473.07
1076,488,36,1,805.88
1077,488,32,1,1851.97
1078,489,16,1,137.61
1079,489,77,1,2101.09
1080,489,18,3,2679.8
1081,490,72,1,556.59
1082,490,64,1,1400.43
1083,491,6,1,1167.83
1084,491,56,1,2924.48
1085,492,86,2,1065.41
1086,492,71,1,2501.52
1087,493,88,1,2438.35
1088,493,43,1,2749.53
1089,493,80,3,955.74
1090,493,18,2,2679.8
1091,494,4,1,3272.86
1092,494,59,2,3459.8
1093,494,57,1,3139.81
1094,495,81,2,1532.57
1095,495,26,2,1862.27
1096,496,69,2,2319.04
1097,496,16,2,137.61
1098,496,78,1,1459.96
1099,496,21,2,1779.85
1100,496,60,1,1762.66
1101,497,58,1,2649.42
1102,498,12,2,2786.41
1103,498,35,1,1986.11
1104,498,47,2,3108.59
1105,498,43,1,2749.53
1106,498,88,1,2438.35
1107,499,54,1,1405.97
1108,500,72,2,556.59
1109,501,10,1,3383.35
1110,501,66,-1,3474.1
1111,501,75,4,672.02
1112,502,89,1,1328.57
1113,503,90,3,3263.49
1114,504,90,1,3263.49
1115,504,72,1,556.59
1116,504,12,1,2786.41
1117,505,6,3,1167.83
1118,505,64,1,1400.43
1119,506,9,1,915.4
1120,506,65,3,123.0
1121,506,22,2,2169.97
1122,506,58,2,2649.42
1123,507,3,2,527.71
1124,507,65,4,123.0
1125,507,19,2,2951.96
1126,507,73,1,1375.78
1127,507,71,1,2501.52
1128,508,56,2,2924.48
1129,508,15,1,2253.4
1130,508,23,1,2165.39
1131,509,8,2,2297.94
1132,510,38,1,3006.5
1133,510,40,1,1943.3
1134,510,39,2,345.28
1135,511,69,1,2319.04
1136,511,1,1,1309.95
1137,511,11,2,1727.17
1138,512,83,1,2165.91
1139,513,36,1,805.88
1140,513,2,1,1977.49
1141,514,55,2,585.23
1142,515,55,1,585.23
1143,516,52,1,3365.81
1144,517,75,2,672.02
1145,517,63,1,2696.04
1146,517,54,1,1405.97
1147,518,52,3,3365.81
1148,519,40,1,1943.3
1149,519,58,4,2649.42
1150,520,66,2,3474.1
1151,520,84,1,3321.81
1152,521,79,4,2010.32
1153,521,69,2,2319.04
1154,522,28,4,2849.69
1155,522,84,1,3321.81
1156,522,74,1,1567.58
1157,522,56,3,2924.48
1158,522,23,1,2165.39
1159,523,82,2,895.82
1160,523,83,3,2165.91
1161,524,47,2,3108.59
1162,525,70,2,2172.68
1163,525,64,2,1400.43
1164,526,26,1,1862.27
1165,527,30,2,392.32
1166,528,17,1,3309.15
1167,529,90,4,3263.49
1168,530,9,3,915.4
1169,530,44,2,3005.6
1170,530,90,1,3263.49
1171,530,34,1,1318.12
1172,531,88,2,2438.35
1173,532,62,1,2938.49
1174,532,89,1,1328.57
1175,533,2,1,1977.49
1176,534,28,1,2849.69
1177,535,61,1,206.76
1178,535,84,1,3321.81
1179,535,14,3,3210.71
1180,535,86,1,1065.41
1181,535,38,2,3006.5
1182,536,1,1,1309.95
1183,536,11,-1,1727.17
1184,537,62,2,2938.49
1185,537,80,2,955.74
1186,537,48,1,181.94
1187,537,68,1,1522.73
1188,537,21,1,1779.85
1189,538,10,2,3383.35
1190,539,13,1,2526.59
1191,539,2,1,1977.49
1192,539,7,4,2920.0
1193,539,70,1,2172.68
1194,540,6,1,1167.83
1195,541,83,1,2165.91
1196,541,10,1,3383.35
1197,541,82,2,895.82
1198,541,30,3,392.32
1199,542,1,1,1309.95
1200,542,39,2,345.28
1201,543,9,3,915.4
1202,544,10,1,3383.35
1203,544,84,1,3321.81
1204,545,12,1,2786.41
1205,545,68,1,1522.73
1206,545,35,1,1986.11
1207,545,23,1,2165.39
1208,545,75,1,672.02
1209,546,13,1,2526.59
1210,547,86,1,1065.41
1211,547,57,3,3139.81
1212,547,53,1,2637.75
1213,548,36,3,805.88
1214,549,44,1,3005.6
1215,550,76,1,379.36
1216,551,82,2,895.82
1217,551,55,2,585.23
1218,551,57,1,3139.81
1219,552,40,4,1943.3
1220,552,87,2,1113.26
1221,553,22,2,2169.97
1222,553,84,3,3321.81
1223,554,31,1,538.06
1224,554,35,1,1986.11
1225,555,3,1,527.71
1226,556,62,1,2938.49
1227,556,69,1,2319.04
1228,556,6,1,1167.83
1229,557,85,1,1551.88
1230,558,41,1,52.79
1231,558,33,1,950.19
1232,558,11,1,1727.17
1233,558,12,1,2786.41
1234,559,58,1,2649.42
1235,560,5,2,1473.07
1236,560,42,1,1759.41
1237,560,65,1,123.0
1238,561,39,2,345.28
1239,561,53,2,2637.75
1240,562,18,1,2679.8
1241,562,88,1,2438.35
1242,562,30,2,392.32
1243,563,60,2,1762.66
1244,563,69,1,2319.04
1245,564,80,1,955.74
1246,564,55,1,585.23
1247,564,1,2,1309.95
1248,565,78,1,1459.96
1249,565,64,1,1400.43
1250,566,57,1,3139.81
1251,567,74,3,1567.58
1252,568,2,2,1977.49
1253,569,82,4,895.82
1254,569,16,2,137.61
1255,570,84,1,3321.81
1256,571,54,1,1405.97
1257,571,79,2,2010.32
1258,571,66,1,3474.1
1259,571,83,2,2165.91
1260,571,53,1,2637.75
1261,572,47,4,3108.59
1262,572,37,1,2970.48
1263,572,39,2,345.28
1264,572,87,3,1113.26
1265,572,82,1,895.82
1266,573,83,2,2165.91
1267,573,56,1,2924.48
1268,573,51,1,3252.01
1269,574,83,1,2165.91
1270,574,54,1,1405.97
1271,574,21,1,1779.85
1272,574,16,1,137.61
1273,575,4,1,3272.86
1274,575,64,2,1400.43
1275,576,52,2,3365.81
1276,577,54,4,1405.97
1277,578,88,4,2438.35
1278,579,51,1,3252.01
1279,579,74,1,1567.58
1280,580,47,1,3108.59
1281,581,53,1,2637.75
1282,581,32,1,1851.97
1283,581,13,2,2526.59
1284,581,46,3,755.63
1285,581,66,1,3474.1
1286,582,58,1,2649.42
1287,582,81,1,1532.57
1288,582,32,1,1851.97
1289,582,61,1,206.76
1290,583,1,2,1309.95
1291,583,54,1,1405.97
1292,584,67,1,1258.12
1293,584,12,1,2786.41
1294,585,84,1,3321.81
1295,586,19,2,2951.96
1296,586,84,1,3321.81
1297,586,68,1,1522.73
1298,586,32,3,1851.97
1299,587,57,2,3139.81
1300,587,65,1,123.0
1301,587,55,1,585.23
1302,588,75,3,672.02
1303,589,28,1,2849.69
1304,590,85,1,1551.88
1305,591,18,1,2679.8
1306,592,74,-1,1567.58
1307,592,21,1,1779.85
1308,593,49,3,3240.94
1309,593,17,1,3309.15
1310,593,56,2,2924.48
1311,593,8,4,2297.94
1312,594,41,1,52.79
1313,594,36,4,805.88
1314,594,32,1,1851.97
1315,594,21,1,1779.85
1316,595,71,4,2501.52
1317,595,5,1,1473.07
1318,596,53,1,2637.75
1319,597,23,1,2165.39
1320,597,86,2,1065.41
1321,598,43,1,2749.53
1322,598,7,1,2920.0
1323,599,53,1,2637.75
1324,599,71,1,2501.52
1325,599,23,2,2165.39
1326,600,36,2,805.88
1327,600,58,2,2649.42
1328,600,29,1,2825.36
1329,600,72,1,556.59
1330,601,39,1,345.28
1331,601,46,1,755.63
1332,602,80,2,955.74
1333,602,69,1,2319.04
1334,602,76,1,379.36
1335,603,86,2,1065.41
1336,603,46,1,755.63
1337,604,60,2,1762.66
1338,605,33,4,950.19
1339,606,22,2,2169.97
1340,607,14,1,3210.71
1341,608,1,2,1309.95
1342,609,22,2,2169.97
1343,609,18,2,2679.8
1344,609,29,1,2825.36
1345,610,66,2,3474.1
1346,611,74,1,1567.58
1347,611,19,1,2951.96
1348,611,17,1,3309.15
1349,612,7,2,2920.0
1350,612,56,1,2924.48
1351,613,44,2,3005.6
1352,613,66,1,3474.1
1353,614,47,1,3108.59
1354,615,56,3,2924.48
1355,615,29,4,2825.36
1356,616,16,1,137.61
1357,617,56,1,2924.48
1358,617,58,1,2649.42
1359,618,59,1,3459.8
1360,618,40,3,1943.3
1361,618,48,2,181.94
1362,619,26,1,1862.27
1363,620,74,1,1567.58
1364,621,42,1,1759.41
1365,621,8,1,2297.94
1366,621,52,3,3365.81
1367,621,10,1,3383.35
1368,622,42,1,1759.41
1369,622,1,1,1309.95
1370,623,34,2,1318.12
1371,624,3,4,527.71
1372,625,39,1,345.28
1373,626,6,2,1167.83
1374,627,75,1,672.02
1375,627,33,3,950.19
1376,628,2,2,1977.49
1377,628,81,1,1532.57
1378,628,62,2,2938.49
1379,629,39,1,345.28
1380,630,56,2,2924.48
1381,631,66,2,3474.1
1382,631,31,4,538.06
1383,631,52,1,3365.81
1384,631,55,2,585.23
1385,632,49,2,3240.94
1386,632,81,2,1532.57
1387,632,87,1,1113.26
1388,633,6,1,1167.83
1389,633,34,4,1318.12
1390,633,12,1,2786.41
1391,634,44,1,3005.6
1392,635,65,1,123.0
1393,635,67,1,1258.12
1394,636,72,3,556.59
1395,637,71,1,2501.52
1396,638,73,2,1375.78
1397,638,57,1,3139.81
1398,638,72,2,556.59
1399,639,53,2,2637.75
1400,639,77,1,2101.09
1401,639,55,1,585.23
1402,640,63,1,2696.04
1403,640,29,1,2825.36
1404,640,1,3,1309.95
1405,640,56,1,2924.48
1406,641,71,1,2501.52
1407,641,21,1,1779.85
1408,642,86,1,1065.41
1409,643,65,2,123.0
1410,644,71,1,2501.52
1411,644,81,1,1532.57
1412,645,61,1,206.76
1413,646,64,2,1400.43
1414,646,8,2,2297.94
1415,647,10,1,3383.35
1416,647,87,1,1113.26
1417,647,63,4,2696.04
1418,648,6,2,1167.83
1419,648,64,1,1400.43
1420,649,78,1,1459.96
1421,649,81,2,1532.57
1422,650,77,1,2101.09
1423,650,31,1,538.06
1424,651,68,1,1522.73
1425,651,58,1,2649.42
1426,651,11,2,1727.17
1427,651,21,2,1779.85
1428,651,35,1,1986.11
1429,652,79,2,2010.32
1430,653,13,2,2526.59
1431,653,72,3,556.59
1432,653,18,2,2679.8
1433,653,4,1,3272.86
1434,654,68,2,1522.73
1435,655,34,1,1318.12
1436,655,33,2,950.19
1437,656,65,1,123.0
1438,656,6,1,1167.83
1439,657,73,4,1375.78
1440,657,33,1,950.19
1441,658,13,2,2526.59
1442,659,48,1,181.94
1443,660,5,1,1473.07
1444,660,52,1,3365.81
1445,661,40,1,1943.3
1446,661,38,1,3006.5
1447,662,68,4,1522.73
1448,663,34,3,1318.12
1449,663,89,1,1328.57
1450,663,47,1,3108.59
1451,664,5,2,1473.07
1452,664,81,1,1532.57
1453,665,43,2,2749.53
1454,666,38,4,3006.5
1455,666,59,1,3459.8
1456,667,61,2,206.76
1457,667,43,1,2749.53
1458,668,70,1,2172.68
1459,669,70,1,2172.68
1460,669,53,2,2637.75
1461,670,14,1,3210.71
1462,670,72,2,556.59
1463,671,48,3,181.94
1464,671,78,2,1459.96
1465,671,54,1,1405.97
1466,672,54,2,1405.97
1467,672,9,1,915.4
1468,672,77,1,2101.09
1469,672,51,3,3252.01
1470,673,56,1,2924.48
1471,673,26,1,1862.27
1472,673,16,1,137.61
1473,674,85,1,1551.88
1474,674,15,1,2253.4
1475,674,61,1,206.76
1476,674,9,1,915.4
1477,674,63,2,2696.04
1478,675,43,1,2749.53
1479,675,40,2,1943.3
1480,675,68,1,1522.73
1481,676,17,1,3309.15
1482,677,88,4,2438.35
1483,677,35,1,1986.11
1484,678,4,2,3272.86
1485,678,80,1,955.74
1486,678,89,1,1328.57
1487,678,81,1,1532.57
1488,678,56,1,2924.48
1489,679,46,2,755.63
1490,680,5,1,1473.07
1491,680,18,1,2679.8
1492,680,17,1,3309.15
1493,681,61,1,206.76
1494,681,77,1,2101.09
1495,682,85,2,1551.88
1496,682,10,1,3383.35
1497,682,47,1,3108.59
1498,682,21,1,1779.85
1499,683,57,3,3139.81
1500,684,55,1,585.23
1501,684,7,1,2920.0
1502,684,15,1,2253.4
1503,684,77,1,2101.09
1504,685,52,2,3365.81
1505,685,81,1,1532.57
1506,686,6,1,1167.83
1507,687,26,2,1862.27
1508,688,31,3,538.06
1509,688,39,1,345.28
1510,688,41,1,52.79
1511,689,67,2,1258.12
1512,690,40,2,1943.3
1513,690,55,2,585.23
1514,690,11,1,1727.17
1515,690,54,2,1405.97
1516,691,46,1,755.63
1517,691,32,1,1851.97
1518,692,70,2,2172.68
1519,693,74,2,1567.58
1520,694,75,1,672.02
1521,694,68,1,1522.73
1522,694,36,1,805.88
1523,695,87,3,1113.26
1524,695,14,2,3210.71
1525,696,58,2,2649.42
1526,697,65,2,123.0
1527,698,19,1,2951.96
1528,698,61,1,206.76
1529,698,81,1,1532.57
1530,698,30,1,392.32
1531,699,71,1,2501.52
1532,700,3,2,527.71
1533,700,47,2,3108.59
1534,700,18,1,2679.8
1535,700,23,1,2165.39
1536,700,41,2,52.79
1537,701,58,1,2649.42
1538,701,61,1,206.76
1539,701,36,4,805.88
1540,701,31,4,538.06
1541,701,73,2,1375.78
1542,702,13,3,2526.59
1543,702,85,1,1551.88
1544,702,6,1,1167.83
1545,703,53,1,2637.75
1546,703,28,1,2849.69
1547,704,59,2,3459.8
1548,705,58,1,2649.42
1549,706,1,1,1309.95
1550,706,26,1,1862.27
1551,707,81,1,1532.57
1552,707,52,2,3365.81
1553,707,36,3,805.88
1554,708,87,1,1113.26
1555,708,53,1,2637.75
1556,709,26,4,1862.27
1557,710,79,1,2010.32
1558,710,9,4,915.4
1559,710,39,1,345.28
1560,711,60,1,1762.66
1561,711,43,1,2749.53
1562,711,14,1,3210.71
1563,711,39,1,345.28
1564,712,46,1,755.63
1565,712,34,2,1318.12
1566,713,80,2,955.74
1567,713,77,1,2101.09
1568,713,49,2,3240.94
1569,714,49,1,3240.94
1570,715,60,1,1762.66
1571,715,30,1,392.32
1572,715,87,1,1113.26
1573,716,80,1,955.74
1574,716,4,2,3272.86
1575,717,35,2,1986.11
1576,717,85,1,1551.88
1577,718,33,1,950.19
1578,718,71,2,2501.52
1579,719,36,1,805.88
1580,720,67,2,1258.12
1581,720,23,3,2165.39
1582,721,77,3,2101.09
1583,721,3,1,527.71
1584,721,78,1,1459.96
1585,722,82,1,895.82
1586,722,43,1,2749.53
1587,722,63,1,2696.04
1588,723,42,3,1759.41
1589,723,51,1,3252.01
1590,723,58,3,2649.42
1591,723,31,1,538.06
1592,724,80,1,955.74
1593,724,38,4,3006.5
1594,725,56,1,2924.48
1595,725,42,1,1759.41
1596,725,79,1,2010.32
1597,726,83,1,2165.91
1598,727,80,1,955.74
1599,728,39,1,345.28
1600,728,81,1,1532.57
1601,729,60,2,1762.66
1602,729,68,2,1522.73
1603,730,79,1,2010.32
1604,731,10,3,3383.35
1605,732,37,3,2970.48
1606,733,81,1,1532.57
1607,733,90,3,3263.49
1608,733,82,3,895.82
1609,733,11,1,1727.17
1610,733,4,3,3272.86
1611,734,10,1,3383.35
1612,734,86,2,1065.41
1613,734,84,1,3321.81
1614,734,6,1,1167.83
1615,734,36,3,805.88
1616,735,61,1,206.76
1617,736,82,1,895.82
1618,736,13,1,2526.59
1619,737,12,3,2786.41
1620,737,70,1,2172.68
1621,737,15,3,2253.4
1622,737,31,4,538.06
1623,738,22,1,2169.97
1624,738,73,1,1375.78
1625,738,78,3,1459.96
1626,738,90,1,3263.49
1627,739,84,1,3321.81
1628,739,32,1,1851.97
1629,739,62,1,2938.49
1630,740,11,1,1727.17
1631,740,5,1,1473.07
1632,740,88,1,2438.35
1633,741,21,1,1779.85
1634,742,11,1,1727.17
1635,742,48,2,181.94
1636,742,32,1,1851.97
1637,743,49,1,3240.94
1638,743,23,2,2165.39
1639,743,47,1,3108.59
1640,744,9,1,915.4
1641,744,66,1,3474.1
1642,744,81,3,1532.57
1643,745,83,4,2165.91
1644,745,33,1,950.19
1645,746,64,1,1400.43
1646,747,71,3,2501.52
1647,747,42,1,1759.41
1648,748,58,1,2649.42
1649,749,55,3,585.23
1650,750,90,3,3263.49
1651,751,55,1,585.23
1652,751,72,1,556.59
1653,751,89,-1,1328.57
1654,751,60,1,1762.66
1655,751,28,2,2849.69
1656,752,75,1,672.02
1657,752,19,1,2951.96
1658,753,22,1,2169.97
1659,753,18,1,2679.8
1660,753,34,1,1318.12
1661,753,19,3,2951.96
1662,754,43,1,2749.53
1663,754,5,2,1473.07
1664,755,34,2,1318.12
1665,755,54,1,1405.97
1666,755,14,3,3210.71
1667,756,63,1,2696.04
1668,756,19,1,2951.96
1669,756,23,1,2165.39
1670,756,89,3,1328.57
1671,756,74,1,1567.58
1672,757,35,1,1986.11
1673,757,4,3,3272.86
1674,758,48,1,181.94
1675,758,36,3,805.88
1676,759,13,1,2526.59
1677,759,90,2,3263.49
1678,759,38,3,3006.5
1679,760,72,2,556.59
1680,761,51,4,3252.01
1681,761,70,2,2172.68
1682,762,15,1,2253.4
1683,762,19,2,2951.96
1684,763,35,1,1986.11
1685,763,58,1,2649.42
1686,763,83,1,2165.91
1687,763,80,1,955.74
1688,763,2,1,1977.49
1689,764,1,1,1309.95
1690,764,60,1,1762.66
1691,764,84,1,3321.81
1692,764,62,1,2938.49
1693,765,60,1,1762.66
1694,765,65,1,123.0
1695,766,19,1,2951.96
1696,766,63,1,2696.04
1697,767,8,2,2297.94
1698,767,18,1,2679.8
1699,767,52,2,3365.81
1700,767,33,2,950.19
1701,768,70,1,2172.68
1702,768,28,1,2849.69
1703,769,37,0,2970.48
1704,769,26,1,1862.27
1705,769,32,1,1851.97
1706,770,57,2,3139.81
1707,771,81,1,1532.57
1708,771,4,1,3272.86
1709,772,64,1,1400.43
1710,773,86,1,1065.41
1711,773,49,1,3240.94
1712,773,83,2,2165.91
1713,774,6,1,1167.83
1714,774,40,2,1943.3
1715,775,63,1,2696.04
1716,775,22,1,2169.97
1717,776,59,1,3459.8
1718,777,35,1,1986.11
1719,777,82,2,895.82
1720,778,17,2,3309.15
1721,779,82,1,895.82
1722,779,22,0,2169.97
1723,779,71,1,2501.52
1724,779,6,1,1167.83
1725,780,86,1,1065.41
1726,781,8,2,2297.94
1727,782,13,1,2526.59
1728,783,40,1,1943.3
1729,783,70,4,2172.68
1730,783,9,2,915.4
1731,784,41,2,52.79
1732,785,11,2,1727.17
1733,785,56,2,2924.48
1734,785,90,1,3263.49
1735,786,36,1,805.88
1736,787,52,1,3365.81
1737,788,70,2,2172.68
1738,788,61,1,206.76
1739,788,60,2,1762.66
1740,789,80,1,955.74
1741,790,77,1,2101.09
1742,791,17,1,3309.15
1743,792,63,1,2696.04
1744,792,4,2,3272.86
1745,793,69,1,2319.04
1746,794,55,2,585.23
1747,794,88,1,2438.35
1748,794,73,1,1375.78
1749,794,41,2,52.79
1750,795,36,1,805.88
1751,795,65,3,123.0
1752,795,49,1,3240.94
1753,795,79,1,2010.32
1754,795,75,2,672.02
1755,796,68,2,1522.73
1756,797,77,2,2101.09
1757,797,30,1,392.32
1758,798,18,2,2679.8
1759,798,6,1,1167.83
1760,798,13,2,2526.59
1761,798,40,1,1943.3
1762,799,19,1,2951.96
1763,800,36,1,805.88
1764,801,56,2,2924.48
1765,802,42,1,1759.41
1766,802,82,2,895.82
1767,803,3,-1,527.71
1768,803,44,1,3005.6
1769,803,59,1,3459.8
1770,803,87,3,1113.26
1771,804,60,2,1762.66
1772,805,83,2,2165.91
1773,805,34,2,1318.12
1774,806,39,1,345.28
1775,806,18,1,2679.8
1776,806,10,0,3383.35
1777,807,66,3,3474.1
1778,807,77,2,2101.09
1779,807,1,3,1309.95
1780,807,41,3,52.79
1781,808,31,2,538.06
1782,808,34,1,1318.12
1783,809,29,2,2825.36
1784,809,63,1,2696.04
1785,809,89,2,1328.57
1786,810,63,1,2696.04
1787,810,2,1,1977.49
1788,811,15,1,2253.4
1789,812,7,1,2920.0
1790,812,73,1,1375.78
1791,812,42,4,1759.41
1792,813,64,2,1400.43
1793,814,76,1,379.36
1794,814,84,1,3321.81
1795,814,58,2,2649.42
1796,814,70,1,2172.68
1797,814,88,3,2438.35
1798,815,40,3,1943.3
1799,815,79,2,2010.32
1800,815,7,1,2920.0
1801,815,15,1,2253.4
1802,816,48,1,181.94
1803,817,89,3,1328.57
1804,817,8,1,2297.94
1805,817,76,2,379.36
1806,818,9,1,915.4
1807,819,56,3,2924.48
1808,820,29,1,2825.36
1809,820,73,1,1375.78
1810,820,88,1,2438.35
1811,820,90,1,3263.49
1812,821,73,1,1375.78
1813,821,46,2,755.63
1814,821,55,1,585.23
1815,821,41,2,52.79
1816,822,84,1,3321.81
1817,823,14,1,3210.71
1818,823,62,3,2938.49
1819,824,79,1,2010.32
1820,825,73,2,1375.78
1821,825,30,1,392.32
1822,826,48,1,181.94
1823,826,75,1,672.02
1824,826,31,1,538.06
1825,826,54,1,1405.97
1826,827,81,1,1532.57
1827,827,90,2,3263.49
1828,827,82,3,895.82
1829,827,72,1,556.59
1830,827,22,2,2169.97
1831,828,69,0,2319.04
1832,828,84,1,3321.81
1833,829,66,1,3474.1
1834,830,89,1,1328.57
1835,830,33,1,950.19
1836,831,73,1,1375.78
1837,832,76,1,379.36
1838,833,67,1,1258.12
1839,833,17,1,3309.15
1840,833,2,1,1977.49
1841,833,88,1,2438.35
1842,834,71,1,2501.52
1843,835,71,1,2501.52
1844,835,56,1,2924.48
1845,836,19,2,2951.96
1846,837,69,1,2319.04
1847,837,32,2,1851.97
1848,837,7,1,2920.0
1849,838,61,1,206.76
1850,838,16,2,137.61
1851,838,81,2,1532.57
1852,838,87,1,1113.26
1853,839,35,1,1986.11
1854,839,29,1,2825.36
1855,840,41,2,52.79
1856,840,18,4,2679.8
1857,840,55,2,585.23
1858,840,53,2,2637.75
1859,840,30,2,392.32
1860,841,68,1,1522.73
1861,841,36,1,805.88
1862,841,60,1,1762.66
1863,842,13,1,2526.59
1864,842,6,0,1167.83
1865,842,9,1,915.4
1866,843,38,2,3006.5
1867,844,31,1,538.06
1868,844,33,1,950.19
1869,844,46,2,755.63
1870,844,41,1,52.79
1871,845,71,4,2501.52
1872,845,59,1,3459.8
1873,846,12,1,2786.41
1874,846,70,1,2172.68
1875,846,18,1,2679.8
1876,846,59,3,3459.8
1877,847,42,2,1759.41
1878,847,1,2,1309.95
1879,847,6,1,1167.83
1880,848,55,2,585.23
1881,849,49,1,3240.94
1882,849,40,3,1943.3
1883,850,89,1,1328.57
1884,850,30,2,392.32
1885,850,35,1,1986.11
1886,851,8,1,2297.94
1887,852,82,1,895.82
1888,852,35,2,1986.11
1889,852,9,1,915.4
1890,853,34,2,1318.12
1891,853,48,1,181.94
1892,854,7,2,2920.0
1893,855,63,1,2696.04
1894,856,75,1,672.02
1895,856,89,1,1328.57
1896,857,9,3,915.4
1897,857,51,1,3252.01
1898,858,1,1,1309.95
1899,858,51,4,3252.01
1900,858,33,1,950.19
1901,859,85,1,1551.88
1902,860,42,1,1759.41
1903,860,18,1,2679.8
1904,861,67,2,1258.12
1905,861,59,1,3459.8
1906,862,13,1,2526.59
1907,862,72,3,556.59
1908,863,35,1,1986.11
1909,863,62,2,2938.49
1910,864,88,1,2438.35
1911,864,22,1,2169.97
1912,865,72,1,556.59
1913,865,2,1,1977.49
1914,866,77,3,2101.09
1915,867,1,2,1309.95
1916,867,66,1,3474.1
1917,867,42,2,1759.41
1918,867,81,1,1532.57
1919,867,35,2,1986.11
1920,868,29,1,2825.36
1921,868,78,1,1459.96
1922,869,42,1,1759.41
1923,869,16,1,137.61
1924,869,63,2,2696.04
1925,869,14,3,3210.71
1926,869,56,1,2924.48
1927,870,89,2,1328.57
1928,870,15,1,2253.4
1929,871,1,1,1309.95
1930,871,84,2,3321.81
1931,871,28,1,2849.69
1932,872,7,1,2920.0
1933,872,87,1,1113.26
1934,873,21,1,1779.85
1935,873,49,1,3240.94
1936,873,88,1,2438.35
1937,874,89,1,1328.57
1938,874,83,1,2165.91
1939,875,16,2,137.61
1940,876,70,2,2172.68
1941,877,56,1,2924.48
1942,877,90,1,3263.49
1943,877,61,1,206.76
1944,878,47,1,3108.59
1945,878,70,4,2172.68
1946,878,12,1,2786.41
1947,878,89,1,1328.57
1948,878,40,1,1943.3
1949,879,37,1,2970.48
1950,879,54,1,1405.97
1951,880,60,1,1762.66
1952,880,52,1,3365.81
1953,880,72,2,556.59
1954,880,30,2,392.32
1955,880,39,2,345.28
1956,881,57,1,3139.81
1957,881,43,1,2749.53
1958,882,67,3,1258.12
1959,882,1,1,1309.95
1960,883,85,2,1551.88
1961,883,78,1,1459.96
1962,883,32,2,1851.97
1963,884,5,1,1473.07
1964,884,52,4,3365.81
1965,884,4,1,3272.86
1966,884,44,1,3005.6
1967,885,40,3,1943.3
1968,885,26,2,1862.27
1969,886,69,2,2319.04
1970,886,19,1,2951.96
1971,887,1,1,1309.95
1972,887,35,1,1986.11
1973,888,17,1,3309.15
1974,888,88,1,2438.35
1975,889,49,1,3240.94
1976,890,34,2,1318.12
1977,891,13,1,2526.59
1978,892,23,1,2165.39
1979,893,62,2,2938.49
1980,894,7,1,2920.0
1981,895,51,1,3252.01
1982,895,42,2,1759.41
1983,896,87,1,1113.26
1984,896,11,1,1727.17
1985,896,81,1,1532.57
1986,897,65,1,123.0
1987,897,5,2,1473.07
1988,897,60,1,1762.66
1989,898,18,4,2679.8
1990,898,12,2,2786.41
1991,898,46,2,755.63
1992,898,67,1,1258.12
1993,898,54,1,1405.97
1994,899,90,1,3263.49
1995,899,63,1,2696.04
1996,899,57,2,3139.81
1997,899,22,1,2169.97
1998,899,2,3,1977.49
1999,900,8,1,2297.94
2000,900,44,2,3005.6
2001,900,48,1,181.94
2002,901,63,3,2696.04
2003,901,34,1,1318.12
2004,901,13,2,2526.59
2005,902,44,2,3005.6
2006,902,71,1,2501.52
2007,902,51,1,3252.01
2008,902,12,3,2786.41
2009,902,42,1,1759.41
2010,903,67,1,1258.12
2011,904,85,1,1551.88
2012,905,41,2,52.79
2013,906,30,1,392.32
2014,906,89,1,1328.57
2015,906,43,3,2749.53
2016,906,36,3,805.88
2017,907,89,1,1328.57
2018,907,14,2,3210.71
2019,908,56,2,2924.48
2020,908,49,1,3240.94
2021,909,85,1,1551.88
2022,910,86,1,1065.41
2023,911,10,1,3383.35
2024,911,47,1,3108.59
2025,912,79,2,2010.32
2026,912,72,1,556.59
2027,913,11,3,1727.17
2028,913,54,1,1405.97
2029,914,89,1,1328.57
2030,915,85,3,1551.88
2031,915,5,1,1473.07
2032,916,71,1,2501.52
2033,916,58,1,2649.42
2034,917,31,1,538.06
2035,917,39,2,345.28
2036,918,19,1,2951.96
2037,918,35,1,1986.11
2038,918,61,1,206.76
2039,919,46,1,755.63
2040,920,44,0,3005.6
2041,921,53,1,2637.75
2042,921,35,2,1986.11
2043,922,73,1,1375.78
2044,922,16,1,137.61
2045,922,88,2,2438.35
2046,923,36,2,805.88
2047,923,55,1,585.23
2048,924,28,1,2849.69
2049,924,6,1,1167.83
2050,925,67,3,1258.12
2051,926,53,3,2637.75
2052,927,84,1,3321.81
2053,927,47,1,3108.59
2054,928,81,2,1532.57
2055,928,11,1,1727.17
2056,928,86,2,1065.41
2057,928,38,1,3006.5
2058,929,61,1,206.76
2059,930,15,2,2253.4
2060,930,71,1,2501.52
2061,930,60,1,1762.66
2062,931,63,1,2696.04
2063,931,76,1,379.36
2064,931,33,2,950.19
2065,931,4,2,3272.86
2066,932,32,2,1851.97
2067,932,90,1,3263.49
2068,932,41,3,52.79
2069,933,1,1,1309.95
2070,933,42,2,1759.41
2071,933,15,1,2253.4
2072,934,34,1,1318.12
2073,935,60,1,1762.66
2074,936,75,4,672.02
2075,937,32,2,1851.97
2076,937,55,1,585.23
2077,937,77,1,2101.09
2078,937,78,2,1459.96
2079,938,51,2,3252.01
2080,938,80,3,955.74
2081,938,28,2,2849.69
2082,938,19,1,2951.96
2083,939,38,1,3006.5
2084,940,11,1,1727.17
2085,940,76,1,379.36
2086,941,75,1,672.02
2087,942,68,1,1522.73
2088,942,48,2,181.94
2089,942,64,1,1400.43
2090,943,8,1,2297.94
2091,943,46,1,755.63
2092,944,48,2,181.94
2093,944,60,1,1762.66
2094,944,52,3,3365.81
2095,944,73,1,1375.78
2096,945,46,4,755.63
2097,945,59,1,3459.8
2098,945,36,4,805.88
2099,945,13,1,2526.59
2100,946,60,1,1762.66
2101,946,83,1,2165.91
2102,947,32,3,1851.97
2103,947,74,2,1567.58
2104,948,23,1,2165.39
2105,948,7,2,2920.0
2106,949,23,1,2165.39
2107,950,16,1,137.61
2108,950,35,1,1986.11
2109,951,44,1,3005.6
2110,951,84,1,3321.81
2111,951,8,1,2297.94
2112,951,36,1,805.88
2113,952,82,2,895.82
2114,952,77,1,2101.09
2115,953,21,3,1779.85
2116,953,19,3,2951.96
2117,954,28,2,2849.69
2118,954,47,3,3108.59
2119,954,78,2,1459.96
2120,954,9,3,915.4
2121,955,29,1,2825.36
2122,955,58,1,2649.42
2123,955,5,2,1473.07
2124,955,16,1,137.61
2125,955,76,1,379.36
2126,956,2,1,1977.49
2127,956,67,2,1258.12
2128,957,61,3,206.76
2129,957,44,1,3005.6
2130,957,53,3,2637.75
2131,958,26,1,1862.27
2132,958,14,3,3210.71
2133,959,72,1,556.59
2134,959,9,4,915.4
2135,960,18,1,2679.8
2136,961,28,2,2849.69
2137,961,44,3,3005.6
2138,961,17,2,3309.15
2139,961,90,2,3263.49
2140,961,23,2,2165.39
2141,962,62,3,2938.49
2142,962,46,1,755.63
2143,962,44,1,3005.6
2144,963,39,1,345.28
2145,963,21,1,1779.85
2146,963,4,1,3272.86
2147,963,22,2,2169.97
2148,963,40,1,1943.3
2149,964,49,1,3240.94
2150,965,44,1,3005.6
2151,966,29,1,2825.36
2152,966,66,1,3474.1
2153,966,5,4,1473.07
2154,967,26,3,1862.27
2155,967,56,2,2924.48
2156,968,46,2,755.63
2157,969,5,1,1473.07
2158,969,88,1,2438.35
2159,969,26,1,1862.27
2160,969,35,1,1986.11
2161,969,68,1,1522.73
2162,970,9,2,915.4
2163,971,3,2,527.71
2164,971,86,1,1065.41
2165,972,55,1,585.23
2166,973,29,1,2825.36
2167,974,35,1,1986.11
2168,974,37,3,2970.48
2169,975,37,2,2970.48
2170,975,5,1,1473.07
2171,975,71,2,2501.52
2172,975,62,3,2938.49
2173,976,64,1,1400.43
2174,977,22,2,2169.97
2175,977,78,2,1459.96
2176,977,88,3,2438.35
2177,977,73,3,1375.78
2178,978,61,1,206.76
2179,978,41,3,52.79
2180,978,47,1,3108.59
2181,978,31,2,538.06
2182,979,82,1,895.82
2183,979,49,1,3240.94
2184,979,40,4,1943.3
2185,980,55,4,585.23
2186,980,73,1,1375.78
2187,981,14,1,3210.71
2188,982,62,2,2938.49
2189,982,81,3,1532.57
2190,982,7,4,2920.0
2191,982,11,1,1727.17
2192,983,57,1,3139.81
2193,984,90,1,3263.49
2194,985,13,1,2526.59
2195,985,56,1,2924.48
2196,985,69,1,2319.04
2197,985,42,2,1759.41
2198,985,38,1,3006.5
2199,986,3,2,527.71
2200,987,34,1,1318.12
2201,987,69,2,2319.04
2202,988,62,2,2938.49
2203,988,10,1,3383.35
2204,988,67,1,1258.12
2205,989,35,1,1986.11
2206,990,55,4,585.23
2207,990,43,1,2749.53
2208,990,72,1,556.59
2209,991,78,1,1459.96
2210,991,7,1,2920.0
2211,991,56,1,2924.48
2212,992,80,2,955.74
2213,992,55,2,585.23
2214,993,71,3,2501.52
2215,994,74,2,1567.58
2216,994,55,1,585.23
2217,995,61,1,206.76
2218,995,32,1,1851.97
2219,995,37,1,2970.48
2220,995,43,1,2749.53
2221,995,41,1,52.79
2222,996,60,1,1762.66
2223,996,12,3,2786.41
2224,997,43,1,2749.53
2225,997,40,2,1943.3
2226,997,52,1,3365.81
2227,997,66,1,3474.1
2228,998,38,2,3006.5
2229,998,70,2,2172.68
2230,998,54,2,1405.97
2231,999,29,2,2825.36
2232,999,64,3,1400.43
2233,1000,66,1,3474.1
2234,1000,60,1,1762.66
2235,1001,11,1,1727.17
2236,1001,44,1,3005.6
2237,1002,90,2,3263.49
2238,1002,31,1,538.06
2239,1002,8,1,2297.94
2240,1003,52,1,3365.81
2241,1003,71,2,2501.52
2242,1004,61,1,206.76
2243,1004,53,1,2637.75
2244,1004,36,3,805.88
2245,1005,2,1,1977.49
2246,1005,5,1,1473.07
2247,1005,38,1,3006.5
2248,1006,53,2,2637.75
2249,1006,60,1,1762.66
2250,1006,10,2,3383.35
2251,1006,11,1,1727.17
2252,1006,83,3,2165.91
2253,1007,40,1,1943.3
2254,1007,58,1,2649.42
2255,1007,61,1,206.76
2256,1008,1,2,1309.95
2257,1008,40,1,1943.3
2258,1009,85,1,1551.88
2259,1009,3,2,527.71
2260,1009,54,1,1405.97
2261,1009,18,1,2679.8
2262,1010,28,1,2849.69
2263,1011,46,2,755.63
2264,1011,40,3,1943.3
2265,1011,68,1,1522.73
2266,1011,35,3,1986.11
2267,1012,44,1,3005.6
2268,1013,37,1,2970.48
2269,1013,65,3,123.0
2270,1013,71,1,2501.52
2271,1013,49,1,3240.94
2272,1014,33,2,950.19
2273,1015,75,1,672.02
2274,1015,59,4,3459.8
2275,1015,44,1,3005.6
2276,1015,70,1,2172.68
2277,1015,68,1,1522.73
2278,1016,11,1,1727.17
2279,1017,88,2,2438.35
2280,1017,23,2,2165.39
2281,1018,73,3,1375.78
2282,1018,43,1,2749.53
2283,1018,10,1,3383.35
2284,1019,86,1,1065.41
2285,1019,26,3,1862.27
2286,1020,80,3,955.74
2287,1020,12,2,2786.41
2288,1020,77,4,2101.09
2289,1021,17,2,3309.15
2290,1022,14,1,3210.71
2291,1022,84,4,3321.81
2292,1022,54,2,1405.97
2293,1022,80,1,955.74
2294,1023,29,1,2825.36
2295,1023,42,2,1759.41
2296,1024,89,1,1328.57
2297,1025,5,1,1473.07
2298,1026,75,2,672.02
2299,1026,12,1,2786.41
2300,1027,77,2,2101.09
2301,1027,43,1,2749.53
2302,1028,44,1,3005.6
2303,1029,13,1,2526.59
2304,1029,19,3,2951.96
2305,1030,11,3,1727.17
2306,1030,86,1,1065.41
2307,1031,89,2,1328.57
2308,1031,55,1,585.23
2309,1032,17,2,3309.15
2310,1032,22,2,2169.97
2311,1033,17,2,3309.15
2312,1033,21,3,1779.85
2313,1033,11,2,1727.17
2314,1034,19,1,2951.96
2315,1034,4,1,3272.86
2316,1034,74,-1,1567.58
2317,1035,88,2,2438.35
2318,1036,17,2,3309.15
2319,1036,77,1,2101.09
2320,1037,39,2,345.28
2321,1037,78,1,1459.96
2322,1037,49,1,3240.94
2323,1038,48,1,181.94
2324,1039,72,2,556.59
2325,1039,89,2,1328.57
2326,1039,3,1,527.71
2327,1040,28,1,2849.69
2328,1041,38,4,3006.5
2329,1041,64,1,1400.43
2330,1041,58,1,2649.42
2331,1041,84,2,3321.81
2332,1042,38,1,3006.5
2333,1042,31,1,538.06
2334,1042,5,1,1473.07
2335,1042,13,1,2526.59
2336,1042,56,2,2924.48
2337,1043,85,1,1551.88
2338,1043,86,1,1065.41
2339,1043,35,3,1986.11
2340,1043,10,1,3383.35
2341,1043,31,1,538.06
2342,1044,40,2,1943.3
2343,1044,68,2,1522.73
2344,1045,2,1,1977.49
2345,1045,32,1,1851.97
2346,1046,47,1,3108.59
2347,1046,36,1,805.88
2348,1047,38,2,3006.5
2349,1047,65,1,123.0
2350,1047,79,1,2010.32
2351,1048,32,1,1851.97
2352,1048,88,2,2438.35
2353,1049,78,3,1459.96
2354,1049,37,1,2970.48
2355,1050,48,2,181.94
2356,1050,55,3,585.23
2357,1051,28,1,2849.69
2358,1051,22,0,2169.97
2359,1052,54,1,1405.97
2360,1053,75,2,672.02
2361,1054,88,2,2438.35
2362,1054,70,1,2172.68
2363,1054,71,1,2501.52
2364,1054,3,1,527.71
2365,1055,11,1,1727.17
2366,1056,51,2,3252.01
2367,1057,86,2,1065.41
2368,1057,69,1,2319.04
2369,1057,40,2,1943.3
2370,1057,75,1,672.02
2371,1058,16,1,137.61
2372,1058,90,1,3263.49
2373,1059,52,1,3365.81
2374,1059,46,2,755.63
2375,1060,83,1,2165.91
2376,1060,61,3,206.76
2377,1061,28,1,2849.69
2378,1061,8,1,2297.94
2379,1061,15,1,2253.4
2380,1062,40,1,1943.3
2381,1063,32,1,1851.97
2382,1063,44,1,3005.6
2383,1063,83,1,2165.91
2384,1064,11,2,1727.17
2385,1065,31,1,538.06
2386,1066,48,1,181.94
2387,1066,33,1,950.19
2388,1066,63,1,2696.04
2389,1066,35,1,1986.11
2390,1067,21,3,1779.85
2391,1068,58,1,2649.42
2392,1068,88,2,2438.35
2393,1068,18,2,2679.8
2394,1068,70,2,2172.68
2395,1069,74,2,1567.58
2396,1070,53,4,2637.75
2397,1070,6,3,1167.83
2398,1070,23,2,2165.39
2399,1071,36,3,805.88
2400,1072,77,1,2101.09
2401,1072,18,1,2679.8
2402,1072,12,1,2786.41
2403,1072,22,1,2169.97
2404,1073,3,2,527.71
2405,1073,68,2,1522.73
2406,1074,9,1,915.4
2407,1074,65,1,123.0
2408,1075,44,2,3005.6
2409,1076,40,2,1943.3
2410,1077,73,2,1375.78
2411,1077,89,1,1328.57
2412,1077,49,1,3240.94
2413,1078,47,1,3108.59
2414,1079,44,1,3005.6
2415,1080,14,2,3210.71
2416,1080,49,-1,3240.94
2417,1080,59,2,3459.8
2418,1081,35,3,1986.11
2419,1081,43,1,2749.53
2420,1082,15,2,2253.4
2421,1082,16,3,137.61
2422,1082,48,2,181.94
2423,1083,38,1,3006.5
2424,1083,75,1,672.02
2425,1083,68,1,1522.73
2426,1084,88,1,2438.35
2427,1085,54,2,1405.97
2428,1085,66,3,3474.1
2429,1085,32,4,1851.97
2430,1085,86,1,1065.41
2431,1086,51,1,3252.01
2432,1086,69,3,2319.04
2433,1086,83,1,2165.91
2434,1087,87,1,1113.26
2435,1087,88,2,2438.35
2436,1087,16,4,137.61
2437,1087,29,1,2825.36
2438,1088,82,2,895.82
2439,1088,63,2,2696.04
2440,1089,36,1,805.88
2441,1089,42,1,1759.41
2442,1089,16,1,137.61
2443,1090,58,1,2649.42
2444,1090,5,2,1473.07
2445,1090,16,1,137.61
2446,1091,6,2,1167.83
2447,1091,14,1,3210.71
2448,1091,63,1,2696.04
2449,1092,26,1,1862.27
2450,1092,74,3,1567.58
2451,1092,46,2,755.63
2452,1093,81,1,1532.57
2453,1093,61,4,206.76
2454,1093,63,1,2696.04
2455,1094,83,1,2165.91
2456,1094,59,1,3459.8
2457,1094,6,1,1167.83
2458,1095,14,1,3210.71
2459,1095,29,1,2825.36
2460,1095,85,3,1551.88
2461,1096,34,1,1318.12
2462,1096,62,1,2938.49
2463,1096,58,2,2649.42
2464,1096,33,2,950.19
2465,1096,46,1,755.63
2466,1097,65,2,123.0
2467,1097,34,1,1318.12
2468,1097,53,1,2637.75
2469,1098,60,1,1762.66
2470,1099,9,3,915.4
2471,1099,19,1,2951.96
2472,1099,71,1,2501.52
2473,1100,23,2,2165.39
2474,1100,10,3,3383.35
2475,1100,38,1,3006.5
2476,1101,19,2,2951.96
2477,1101,48,1,181.94
2478,1102,87,1,1113.26
2479,1102,39,1,345.28
2480,1102,55,1,585.23
2481,1102,54,2,1405.97
2482,1102,32,2,1851.97
2483,1103,55,3,585.23
2484,1104,8,1,2297.94
2485,1105,82,1,895.82
2486,1106,13,2,2526.59
2487,1106,75,1,672.02
2488,1107,4,3,3272.86
2489,1108,47,1,3108.59
2490,1109,23,1,2165.39
2491,1110,68,3,1522.73
2492,1111,6,2,1167.83
2493,1111,80,1,955.74
2494,1111,2,2,1977.49
2495,1111,60,2,1762.66
2496,1112,9,1,915.4
2497,1112,88,1,2438.35
2498,1112,60,1,1762.66
2499,1113,14,2,3210.71
2500,1113,71,1,2501.52
2501,1113,56,1,2924.48
2502,1114,37,1,2970.48
2503,1114,85,2,1551.88
2504,1114,61,1,206.76
2505,1115,3,2,527.71
2506,1115,56,2,2924.48
2507,1116,69,1,2319.04
2508,1116,89,2,1328.57
2509,1116,2,2,1977.49
2510,1117,9,2,915.4
2511,1118,76,1,379.36
2512,1119,16,4,137.61
2513,1120,57,2,3139.81
2514,1121,1,1,1309.95
2515,1121,18,2,2679.8
2516,1122,53,1,2637.75
2517,1122,40,2,1943.3
2518,1123,76,2,379.36
2519,1123,34,1,1318.12
2520,1123,71,1,2501.52
2521,1123,43,1,2749.53
2522,1123,29,1,2825.36
2523,1124,51,1,3252.01
2524,1125,12,1,2786.41
2525,1126,54,4,1405.97
2526,1126,72,1,556.59
2527,1127,84,1,3321.81
2528,1127,65,3,123.0
2529,1127,13,1,2526.59
2530,1128,80,1,955.74
2531,1128,43,1,2749.53
2532,1128,10,4,3383.35
2533,1128,17,2,3309.15
2534,1129,31,1,538.06
2535,1129,35,1,1986.11
2536,1130,62,1,2938.49
2537,1130,8,1,2297.94
2538,1131,65,2,123.0
2539,1131,88,1,2438.35
2540,1131,34,2,1318.12
2541,1131,11,2,1727.17
2542,1131,67,3,1258.12
2543,1132,1,1,1309.95
2544,1133,63,2,2696.04
2545,1133,32,4,1851.97
2546,1134,7,1,2920.0
2547,1135,43,2,2749.53
2548,1135,68,1,1522.73
2549,1135,59,1,3459.8
2550,1136,51,1,3252.01
2551,1137,21,2,1779.85
2552,1137,23,1,2165.39
2553,1137,56,4,2924.48
2554,1138,71,1,2501.52
2555,1139,2,2,1977.49
2556,1139,62,1,2938.49
2557,1139,55,2,585.23
2558,1140,59,1,3459.8
2559,1140,77,3,2101.09
2560,1141,66,2,3474.1
2561,1141,6,1,1167.83
2562,1142,66,1,3474.1
2563,1143,11,1,1727.17
2564,1144,77,1,2101.09
2565,1145,90,1,3263.49
2566,1145,23,1,2165.39
2567,1146,32,3,1851.97
2568,1146,85,1,1551.88
2569,1146,82,2,895.82
2570,1147,38,1,3006.5
2571,1147,34,1,1318.12
2572,1147,1,1,1309.95
2573,1147,58,1,2649.42
2574,1147,85,1,1551.88
2575,1148,55,3,585.23
2576,1149,75,1,672.02
2577,1150,81,2,1532.57
2578,1151,53,1,2637.75
2579,1152,47,1,3108.59
2580,1152,36,4,805.88
2581,1152,63,2,2696.04
2582,1153,64,1,1400.43
2583,1153,76,1,379.36
2584,1154,10,3,3383.35
2585,1155,47,4,3108.59
2586,1155,78,2,1459.96
2587,1155,58,1,2649.42
2588,1155,60,1,1762.66
2589,1155,31,1,538.06
2590,1156,22,2,2169.97
2591,1157,15,3,2253.4
2592,1157,67,1,1258.12
2593,1158,28,1,2849.69
2594,1159,11,2,1727.17
2595,1160,11,1,1727.17
2596,1161,90,2,3263.49
2597,1161,1,1,1309.95
2598,1161,11,1,1727.17
2599,1162,9,1,915.4
2600,1163,66,1,3474.1
2601,1164,58,1,2649.42
2602,1164,80,2,955.74
2603,1165,75,3,672.02
2604,1166,29,1,2825.36
2605,1166,30,3,392.32
2606,1166,2,1,1977.49
2607,1166,80,2,955.74
2608,1166,54,2,1405.97
2609,1167,21,1,1779.85
2610,1167,34,1,1318.12
2611,1167,18,1,2679.8
2612,1167,58,1,2649.42
2613,1167,69,2,2319.04
2614,1168,68,1,1522.73
2615,1168,17,1,3309.15
2616,1168,4,1,3272.86
2617,1168,86,1,1065.41
2618,1168,51,1,3252.01
2619,1169,30,1,392.32
2620,1169,68,1,1522.73
2621,1170,47,2,3108.59
2622,1170,16,2,137.61
2623,1170,10,2,3383.35
2624,1170,61,3,206.76
2625,1171,15,1,2253.4
2626,1171,44,2,3005.6
2627,1171,28,1,2849.69
2628,1172,76,2,379.36
2629,1172,35,2,1986.11
2630,1173,89,2,1328.57
2631,1173,62,1,2938.49
2632,1174,30,3,392.32
2633,1174,87,2,1113.26
2634,1175,55,1,585.23
2635,1175,53,1,2637.75
2636,1176,89,3,1328.57
2637,1176,6,2,1167.83
2638,1176,22,1,2169.97
2639,1176,85,1,1551.88
2640,1177,87,1,1113.26
2641,1177,4,2,3272.86
2642,1177,7,1,2920.0
2643,1177,79,3,2010.32
2644,1177,41,2,52.79
2645,1178,83,3,2165.91
2646,1178,21,2,1779.85
2647,1179,39,3,345.28
2648,1180,19,1,2951.96
2649,1180,66,2,3474.1
2650,1180,35,1,1986.11
2651,1181,48,1,181.94
2652,1181,60,3,1762.66
2653,1182,85,2,1551.88
2654,1183,39,2,345.28
2655,1183,64,1,1400.43
2656,1184,85,2,1551.88
2657,1184,60,1,1762.66
2658,1184,68,3,1522.73
2659,1185,22,1,2169.97
2660,1185,43,1,2749.53
2661,1186,79,1,2010.32
2662,1187,65,1,123.0
2663,1187,59,1,3459.8
2664,1188,47,1,3108.59
2665,1189,26,1,1862.27
2666,1189,89,1,1328.57
2667,1189,36,1,805.88
2668,1189,16,4,137.61
2669,1190,30,1,392.32
2670,1191,40,3,1943.3
2671,1191,46,2,755.63
2672,1192,67,1,1258.12
2673,1193,72,1,556.59
2674,1194,49,1,3240.94
2675,1195,34,1,1318.12
2676,1196,67,3,1258.12
2677,1197,65,1,123.0
2678,1197,22,1,2169.97
2679,1198,17,1,3309.15
2680,1199,52,1,3365.81
2681,1200,39,2,345.28
2682,1200,88,3,2438.35
2683,1200,7,1,2920.0
2684,1200,21,1,1779.85
2685,1200,89,3,1328.57
2686,1201,5,1,1473.07
2687,1201,69,1,2319.04
2688,1201,73,4,1375.78
2689,1202,33,4,950.19
2690,1202,44,4,3005.6
2691,1202,85,3,1551.88
2692,1203,46,3,755.63
2693,1203,52,2,3365.81
2694,1203,70,1,2172.68
2695,1203,16,4,137.61
2696,1204,59,1,3459.8
2697,1205,53,1,2637.75
2698,1205,62,1,2938.49
2699,1205,35,1,1986.11
2700,1205,46,1,755.63
2701,1206,52,1,3365.81
2702,1206,90,3,3263.49
2703,1207,61,1,206.76
2704,1207,4,1,3272.86
2705,1207,71,3,2501.52
2706,1208,7,2,2920.0
2707,1209,78,1,1459.96
2708,1209,13,1,2526.59
2709,1210,36,1,805.88
2710,1211,52,2,3365.81
2711,1211,12,1,2786.41
2712,1211,74,4,1567.58
2713,1212,58,1,2649.42
2714,1212,78,1,1459.96
2715,1213,69,1,2319.04
2716,1213,22,3,2169.97
2717,1213,1,2,1309.95
2718,1213,88,1,2438.35
2719,1213,77,1,2101.09
2720,1214,33,4,950.19
2721,1214,7,1,2920.0
2722,1214,58,1,2649.42
2723,1214,84,1,3321.81
2724,1214,63,2,2696.04
2725,1215,68,1,1522.73
2726,1216,60,1,1762.66
2727,1216,64,1,1400.43
2728,1217,52,1,3365.81
2729,1217,62,2,2938.49
2730,1218,12,1,2786.41
2731,1219,19,1,2951.96
2732,1220,51,1,3252.01
2733,1220,61,1,206.76
2734,1220,48,1,181.94
2735,1220,32,1,1851.97
2736,1221,22,1,2169.97
2737,1221,60,1,1762.66
2738,1222,8,1,2297.94
2739,1223,8,4,2297.94
2740,1224,5,1,1473.07
2741,1224,79,2,2010.32
2742,1224,82,1,895.82
2743,1224,77,1,2101.09
2744,1224,31,1,538.06
2745,1225,33,2,950.19
2746,1226,33,1,950.19
2747,1227,69,1,2319.04
2748,1227,40,1,1943.3
2749,1227,14,2,3210.71
2750,1227,63,2,2696.04
2751,1227,79,1,2010.32
2752,1228,21,1,1779.85
2753,1229,17,1,3309.15
2754,1230,66,3,3474.1
2755,1230,64,1,1400.43
2756,1231,6,1,1167.83
2757,1231,38,2,3006.5
2758,1232,59,1,3459.8
2759,1233,32,1,1851.97
2760,1233,81,1,1532.57
2761,1233,17,1,3309.15
2762,1233,69,2,2319.04
2763,1234,85,2,1551.88
2764,1234,47,3,3108.59
2765,1235,22,2,2169.97
2766,1236,76,2,379.36
2767,1237,35,1,1986.11
2768,1237,66,1,3474.1
2769,1237,10,1,3383.35
2770,1237,43,2,2749.53
2771,1238,16,2,137.61
2772,1238,38,1,3006.5
2773,1239,38,1,3006.5
2774,1240,16,2,137.61
2775,1240,14,2,3210.71
2776,1241,19,1,2951.96
2777,1241,43,2,2749.53
2778,1241,69,4,2319.04
2779,1242,9,1,915.4
2780,1243,2,3,1977.49
2781,1244,22,1,2169.97
2782,1244,46,2,755.63
2783,1244,88,1,2438.35
2784,1245,40,2,1943.3
2785,1245,7,1,2920.0
2786,1246,9,1,915.4
2787,1246,3,2,527.71
2788,1247,17,3,3309.15
2789,1248,83,1,2165.91
2790,1248,39,3,345.28
2791,1248,7,2,2920.0
2792,1248,65,3,123.0
2793,1248,4,1,3272.86
2794,1249,34,1,1318.12
2795,1250,87,1,1113.26
2796,1251,23,1,2165.39
2797,1252,89,3,1328.57
2798,1252,78,1,1459.96
2799,1252,6,1,1167.83
2800,1252,51,2,3252.01
2801,1252,69,1,2319.04
2802,1253,5,1,1473.07
2803,1254,73,1,1375.78
2804,1254,58,1,2649.42
2805,1255,82,1,895.82
2806,1255,39,1,345.28
2807,1255,72,1,556.59
2808,1256,1,1,1309.95
2809,1256,10,3,3383.35
2810,1256,63,1,2696.04
2811,1257,5,1,1473.07
2812,1257,63,1,2696.04
2813,1257,74,2,1567.58
2814,1258,4,1,3272.86
2815,1259,52,1,3365.81
2816,1260,34,2,1318.12
2817,1261,49,1,3240.94
2818,1261,54,1,1405.97
2819,1261,22,2,2169.97
2820,1262,8,1,2297.94
2821,1262,44,1,3005.6
2822,1262,86,2,1065.41
2823,1262,81,4,1532.57
2824,1263,65,1,123.0
2825,1264,21,1,1779.85
2826,1264,39,1,345.28
2827,1265,74,4,1567.58
2828,1265,55,2,585.23
2829,1265,48,2,181.94
2830,1266,11,4,1727.17
2831,1267,16,3,137.61
2832,1268,5,1,1473.07
2833,1268,62,2,2938.49
2834,1269,17,3,3309.15
2835,1269,16,1,137.61
2836,1270,29,2,2825.36
2837,1270,54,1,1405.97
2838,1271,2,3,1977.49
2839,1271,14,2,3210.71
2840,1272,34,2,1318.12
2841,1272,83,2,2165.91
2842,1272,35,1,1986.11
2843,1272,37,4,2970.48
2844,1273,84,2,3321.81
2845,1274,26,0,1862.27
2846,1274,56,2,2924.48
2847,1275,8,1,2297.94
2848,1275,11,2,1727.17
2849,1275,47,1,3108.59
2850,1276,72,1,556.59
2851,1276,11,1,1727.17
2852,1277,90,1,3263.49
2853,1277,29,4,2825.36
2854,1278,78,1,1459.96
2855,1278,58,1,2649.42
2856,1278,68,2,1522.73
2857,1279,66,3,3474.1
2858,1279,87,4,1113.26
2859,1279,36,1,805.88
2860,1279,59,4,3459.8
2861,1280,18,1,2679.8
2862,1281,16,1,137.61
2863,1281,68,4,1522.73
2864,1281,56,1,2924.48
2865,1282,87,1,1113.26
2866,1283,87,2,1113.26
2867,1284,36,1,805.88
2868,1285,34,1,1318.12
2869,1285,26,1,1862.27
2870,1285,49,2,3240.94
2871,1286,84,1,3321.81
2872,1286,35,2,1986.11
2873,1287,85,1,1551.88
2874,1288,36,1,805.88
2875,1288,87,1,1113.26
2876,1289,33,1,950.19
2877,1290,4,1,3272.86
2878,1290,47,1,3108.59
2879,1290,78,1,1459.96
2880,1291,56,1,2924.48
2881,1291,23,1,2165.39
2882,1291,68,1,1522.73
2883,1292,56,1,2924.48
2884,1292,35,3,1986.11
2885,1292,66,1,3474.1
2886,1293,43,1,2749.53
2887,1294,86,1,1065.41
2888,1295,65,4,123.0
2889,1296,69,1,2319.04
2890,1296,81,2,1532.57
2891,1296,46,1,755.63
2892,1296,51,1,3252.01
2893,1297,65,1,123.0
2894,1297,2,4,1977.49
2895,1297,32,1,1851.97
2896,1297,74,1,1567.58
2897,1297,61,2,206.76
2898,1298,76,1,379.36
2899,1298,6,2,1167.83
2900,1298,53,1,2637.75
2901,1299,78,4,1459.96
2902,1299,18,1,2679.8
2903,1299,72,3,556.59
2904,1299,66,1,3474.1
2905,1299,33,1,950.19
2906,1300,42,1,1759.41
2907,1300,76,1,379.36
2908,1300,51,1,3252.01
2909,1300,21,1,1779.85
2910,1300,28,2,2849.69
2911,1301,62,2,2938.49
2912,1301,31,1,538.06
2913,1302,3,1,527.71
2914,1303,86,2,1065.41
2915,1303,43,2,2749.53
2916,1304,2,1,1977.49
2917,1304,31,1,538.06
2918,1304,60,1,1762.66
2919,1305,29,3,2825.36
2920,1305,39,1,345.28
2921,1305,19,2,2951.96
2922,1306,78,3,1459.96
2923,1306,4,1,3272.86
2924,1307,61,1,206.76
2925,1307,85,1,1551.88
2926,1307,56,1,2924.48
2927,1307,78,3,1459.96
2928,1308,57,1,3139.81
2929,1309,48,1,181.94
2930,1310,59,1,3459.8
2931,1311,1,1,1309.95
2932,1312,3,2,527.71
2933,1313,60,2,1762.66
2934,1313,13,1,2526.59
2935,1314,36,1,805.88
2936,1314,22,1,2169.97
2937,1315,65,2,123.0
2938,1316,8,1,2297.94
2939,1316,44,3,3005.6
2940,1316,70,1,2172.68
2941,1316,58,1,2649.42
2942,1317,46,2,755.63
2943,1317,71,2,2501.52
2944,1317,62,1,2938.49
2945,1318,82,1,895.82
2946,1319,75,2,672.02
2947,1319,71,1,2501.52
2948,1319,1,1,1309.95
2949,1320,33,1,950.19
2950,1321,53,1,2637.75
2951,1322,79,1,2010.32
2952,1322,59,2,3459.8
2953,1322,63,1,2696.04
2954,1323,33,2,950.19
2955,1323,3,4,527.71
2956,1323,44,1,3005.6
2957,1324,56,1,2924.48
2958,1325,5,3,1473.07
2959,1325,14,4,3210.71
2960,1326,73,1,1375.78
2961,1327,65,1,123.0
2962,1328,80,1,955.74
2963,1328,73,1,1375.78
2964,1329,14,2,3210.71
2965,1329,15,1,2253.4
2966,1330,83,2,2165.91
2967,1330,17,2,3309.15
2968,1330,66,3,3474.1
2969,1330,14,1,3210.71
2970,1331,73,3,1375.78
2971,1331,52,1,3365.81
2972,1332,72,1,556.59
2973,1332,90,1,3263.49
2974,1333,36,2,805.88
2975,1333,7,0,2920.0
2976,1334,81,4,1532.57
2977,1335,40,2,1943.3
2978,1335,46,1,755.63
2979,1335,66,1,3474.1
2980,1336,23,1,2165.39
2981,1336,61,3,206.76
2982,1337,52,2,3365.81
2983,1337,79,2,2010.32
2984,1337,14,1,3210.71
2985,1338,73,2,1375.78
2986,1338,48,1,181.94
2987,1338,87,2,1113.26
2988,1338,88,1,2438.35
2989,1339,33,1,950.19
2990,1339,70,2,2172.68
2991,1340,32,4,1851.97
2992,1341,63,2,2696.04
2993,1342,56,3,2924.48
2994,1342,13,3,2526.59
2995,1343,69,1,2319.04
2996,1343,72,1,556.59
2997,1344,41,1,52.79
2998,1344,2,1,1977.49
2999,1345,6,2,1167.83
3000,1346,57,1,3139.81
3001,1346,46,2,755.63
3002,1346,30,1,392.32
3003,1346,22,1,2169.97
3004,1347,17,1,3309.15
3005,1348,85,3,1551.88
3006,1348,48,2,181.94
3007,1349,6,1,1167.83
3008,1349,21,1,1779.85
3009,1349,5,3,1473.07
3010,1349,59,1,3459.8
3011,1349,15,2,2253.4
3012,1350,36,1,805.88
3013,1350,83,1,2165.91
3014,1351,63,2,2696.04
3015,1352,76,1,379.36
3016,1352,90,1,3263.49
3017,1352,35,1,1986.11
3018,1352,87,3,1113.26
3019,1353,7,4,2920.0
3020,1353,17,-1,3309.15
3021,1354,44,1,3005.6
3022,1354,32,1,1851.97
3023,1355,38,1,3006.5
3024,1355,59,2,3459.8
3025,1356,19,3,2951.96
3026,1356,61,1,206.76
3027,1357,54,2,1405.97
3028,1357,49,1,3240.94
3029,1358,66,1,3474.1
3030,1358,4,1,3272.86
3031,1358,9,1,915.4
3032,1358,49,1,3240.94
3033,1358,14,1,3210.71
3034,1359,90,1,3263.49
3035,1360,88,2,2438.35
3036,1360,10,3,3383.35
3037,1361,49,1,3240.94
3038,1362,6,3,1167.83
3039,1362,8,2,2297.94
3040,1362,78,1,1459.96
3041,1362,17,1,3309.15
3042,1363,76,3,379.36
3043,1363,75,3,672.02
3044,1364,22,2,2169.97
3045,1365,23,3,2165.39
3046,1365,60,2,1762.66
3047,1365,80,1,955.74
3048,1365,77,3,2101.09
3049,1365,7,1,2920.0
3050,1366,38,1,3006.5
3051,1366,63,3,2696.04
3052,1367,64,1,1400.43
3053,1367,77,1,2101.09
3054,1368,84,1,3321.81
3055,1368,39,1,345.28
3056,1369,85,1,1551.88
3057,1370,58,1,2649.42
3058,1371,19,2,2951.96
3059,1371,58,1,2649.42
3060,1371,10,1,3383.35
3061,1372,61,1,206.76
3062,1372,5,1,1473.07
3063,1373,89,1,1328.57
3064,1373,58,3,2649.42
3065,1373,55,2,585.23
3066,1374,16,3,137.61
3067,1375,53,4,2637.75
3068,1375,35,1,1986.11
3069,1376,11,1,1727.17
3070,1376,85,1,1551.88
3071,1377,72,1,556.59
3072,1377,58,1,2649.42
3073,1378,8,1,2297.94
3074,1379,77,1,2101.09
3075,1380,21,3,1779.85
3076,1380,89,2,1328.57
3077,1381,80,3,955.74
3078,1382,70,1,2172.68
3079,1382,78,1,1459.96
3080,1382,53,2,2637.75
3081,1383,87,1,1113.26
3082,1383,34,4,1318.12
3083,1383,86,3,1065.41
3084,1384,89,2,1328.57
3085,1384,65,3,123.0
3086,1385,83,2,2165.91
3087,1385,64,2,1400.43
3088,1386,85,1,1551.88
3089,1386,38,1,3006.5
3090,1386,90,2,3263.49
3091,1387,53,3,2637.75
3092,1387,12,2,2786.41
3093,1387,29,2,2825.36
3094,1387,35,1,1986.11
3095,1387,65,2,123.0
3096,1388,55,-1,585.23
3097,1389,65,2,123.0
3098,1389,43,1,2749.53
3099,1389,83,1,2165.91
3100,1390,5,1,1473.07
3101,1390,72,2,556.59
3102,1391,52,1,3365.81
3103,1391,63,2,2696.04
3104,1391,37,1,2970.48
3105,1392,63,2,2696.04
3106,1393,8,2,2297.94
3107,1393,73,4,1375.78
3108,1393,54,2,1405.97
3109,1394,47,2,3108.59
3110,1394,83,1,2165.91
3111,1394,33,1,950.19
3112,1395,30,1,392.32
3113,1395,90,1,3263.49
3114,1396,60,1,1762.66
3115,1397,2,2,1977.49
3116,1397,48,3,181.94
3117,1397,42,2,1759.41
3118,1397,76,2,379.36
3119,1397,22,1,2169.97
3120,1398,37,0,2970.48
3121,1398,84,1,3321.81
3122,1398,76,4,379.36
3123,1398,40,1,1943.3
3124,1398,64,1,1400.43
3125,1399,11,1,1727.17
3126,1400,51,2,3252.01
3127,1400,19,1,2951.96
3128,1400,86,1,1065.41
3129,1401,82,1,895.82
3130,1401,76,1,379.36
3131,1402,42,1,1759.41
3132,1402,9,3,915.4
3133,1402,35,3,1986.11
3134,1402,40,4,1943.3
3135,1403,84,1,3321.81
3136,1404,81,1,1532.57
3137,1404,31,1,538.06
3138,1404,37,4,2970.48
3139,1404,55,1,585.23
3140,1404,36,1,805.88
3141,1405,9,4,915.4
3142,1406,35,1,1986.11
3143,1406,8,2,2297.94
3144,1406,66,3,3474.1
3145,1407,17,1,3309.15
3146,1408,63,4,2696.04
3147,1409,59,2,3459.8
3148,1410,52,2,3365.81
3149,1410,60,2,1762.66
3150,1410,29,2,2825.36
3151,1410,9,2,915.4
3152,1411,7,1,2920.0
3153,1411,57,1,3139.81
3154,1411,60,1,1762.66
3155,1412,47,1,3108.59
3156,1412,42,1,1759.41
3157,1413,18,1,2679.8
3158,1414,55,1,585.23
3159,1414,62,2,2938.49
3160,1414,81,1,1532.57
3161,1415,26,3,1862.27
3162,1415,75,2,672.02
3163,1415,71,1,2501.52
3164,1416,33,2,950.19
3165,1417,23,1,2165.39
3166,1418,55,1,585.23
3167,1418,73,3,1375.78
3168,1418,62,1,2938.49
3169,1418,42,1,1759.41
3170,1419,74,2,1567.58
3171,1419,66,2,3474.1
3172,1420,33,1,950.19
3173,1420,39,2,345.28
3174,1421,33,1,950.19
3175,1422,88,3,2438.35
3176,1422,54,4,1405.97
3177,1422,68,2,1522.73
3178,1422,36,1,805.88
3179,1422,49,1,3240.94
3180,1423,81,1,1532.57
3181,1423,67,2,1258.12
3182,1424,23,2,2165.39
3183,1424,77,3,2101.09
3184,1424,51,2,3252.01
3185,1425,21,1,1779.85
3186,1425,48,1,181.94
3187,1425,49,2,3240.94
3188,1426,65,1,123.0
3189,1426,90,4,3263.49
3190,1426,5,4,1473.07
3191,1426,42,1,1759.41
3192,1427,65,2,123.0
3193,1427,34,1,1318.12
3194,1427,74,1,1567.58
3195,1427,57,1,3139.81
3196,1428,70,1,2172.68
3197,1428,34,2,1318.12
3198,1428,31,1,538.06
3199,1429,63,1,2696.04
3200,1429,4,3,3272.86
3201,1430,81,1,1532.57
3202,1430,82,1,895.82
3203,1430,40,1,1943.3
3204,1430,22,1,2169.97
3205,1430,60,1,1762.66
3206,1431,16,1,137.61
3207,1432,55,1,585.23
3208,1432,19,2,2951.96
3209,1432,76,3,379.36
3210,1432,33,1,950.19
3211,1433,32,1,1851.97
3212,1433,31,1,538.06
3213,1434,64,1,1400.43
3214,1434,69,1,2319.04
3215,1435,86,1,1065.41
3216,1435,54,2,1405.97
3217,1436,85,1,1551.88
3218,1436,79,3,2010.32
3219,1437,56,2,2924.48
3220,1437,18,1,2679.8
3221,1437,79,3,2010.32
3222,1438,86,3,1065.41
3223,1438,51,1,3252.01
3224,1439,8,2,2297.94
3225,1439,65,2,123.0
3226,1439,74,2,1567.58
3227,1440,28,1,2849.69
3228,1440,12,1,2786.41
3229,1441,31,1,538.06
3230,1442,86,1,1065.41
3231,1442,38,2,3006.5
3232,1443,53,2,2637.75
3233,1444,41,1,52.79
3234,1444,2,1,1977.49
3235,1444,26,2,1862.27
3236,1445,12,2,2786.41
3237,1446,23,1,2165.39
3238,1446,52,2,3365.81
3239,1446,68,2,1522.73
3240,1446,80,1,955.74
3241,1447,47,1,3108.59
3242,1447,43,1,2749.53
3243,1447,59,1,3459.8
3244,1447,2,2,1977.49
3245,1448,53,1,2637.75
3246,1448,67,2,1258.12
3247,1448,9,1,915.4
3248,1449,70,1,2172.68
3249,1450,4,2,3272.86
3250,1451,11,4,1727.17
3251,1452,78,1,1459.96
3252,1452,5,1,1473.07
3253,1452,22,2,2169.97
3254,1452,86,2,1065.41
3255,1453,80,1,955.74
3256,1454,9,1,915.4
3257,1454,32,1,1851.97
3258,1455,21,2,1779.85
3259,1455,34,2,1318.12
3260,1456,9,3,915.4
3261,1456,68,1,1522.73
3262,1456,11,2,1727.17
3263,1456,2,2,1977.49
3264,1457,4,2,3272.86
3265,1457,15,1,2253.4
3266,1457,35,1,1986.11
3267,1458,4,1,3272.86
3268,1458,70,1,2172.68
3269,1459,51,1,3252.01
3270,1459,21,1,1779.85
3271,1460,16,2,137.61
3272,1460,57,4,3139.81
3273,1460,4,1,3272.86
3274,1461,8,2,2297.94
3275,1461,46,1,755.63
3276,1461,63,1,2696.04
3277,1461,4,1,3272.86
3278,1461,29,1,2825.36
3279,1462,84,3,3321.81
3280,1462,36,2,805.88
3281,1463,14,2,3210.71
3282,1464,9,2,915.4
3283,1464,40,1,1943.3
3284,1465,58,1,2649.42
3285,1465,49,1,3240.94
3286,1465,75,1,672.02
3287,1465,69,1,2319.04
3288,1466,80,1,955.74
3289,1467,19,2,2951.96
3290,1467,54,4,1405.97
3291,1467,77,2,2101.09
3292,1467,49,1,3240.94
3293,1468,73,1,1375.78
3294,1468,23,1,2165.39
3295,1468,35,1,1986.11
3296,1468,61,2,206.76
3297,1469,38,2,3006.5
3298,1470,59,3,3459.8
3299,1470,60,1,1762.66
3300,1471,34,1,1318.12
3301,1472,65,1,123.0
3302,1473,5,1,1473.07
3303,1473,16,1,137.61
3304,1474,11,1,1727.17
3305,1475,32,2,1851.97
3306,1476,16,1,137.61
3307,1476,14,3,3210.71
3308,1477,23,2,2165.39
3309,1477,58,1,2649.42
3310,1478,51,1,3252.01
3311,1478,38,4,3006.5
3312,1479,34,4,1318.12
3313,1479,70,1,2172.68
3314,1479,64,2,1400.43
3315,1479,12,1,2786.41
3316,1480,61,0,206.76
3317,1480,4,1,3272.86
3318,1480,2,2,1977.49
3319,1481,33,4,950.19
3320,1482,17,2,3309.15
3321,1482,13,1,2526.59
3322,1482,90,1,3263.49
3323,1482,63,3,2696.04
3324,1483,3,1,527.71
3325,1483,81,2,1532.57
3326,1484,53,1,2637.75
3327,1484,5,2,1473.07
3328,1484,76,3,379.36
3329,1484,15,1,2253.4
3330,1485,39,1,345.28
3331,1486,60,1,1762.66
3332,1487,80,1,955.74
3333,1487,48,4,181.94
3334,1487,16,2,137.61
3335,1488,11,4,1727.17
3336,1489,52,1,3365.81
3337,1489,62,1,2938.49
3338,1489,17,1,3309.15
3339,1490,64,1,1400.43
3340,1490,31,2,538.06
3341,1491,34,2,1318.12
3342,1491,46,2,755.63
3343,1492,72,2,556.59
3344,1493,7,1,2920.0
3345,1493,12,1,2786.41
3346,1493,63,2,2696.04
3347,1493,2,1,1977.49
3348,1494,6,1,1167.83
3349,1494,39,2,345.28
3350,1494,79,1,2010.32
3351,1495,51,2,3252.01
3352,1496,68,2,1522.73
3353,1496,23,2,2165.39
3354,1497,78,2,1459.96
3355,1497,16,1,137.61
3356,1498,67,2,1258.12
3357,1498,13,1,2526.59
3358,1499,66,1,3474.1
3359,1499,5,3,1473.07
3360,1499,73,1,1375.78
3361,1499,83,1,2165.91
3362,1500,90,1,3263.49
3363,1501,80,1,955.74
3364,1502,69,3,2319.04
3365,1502,32,2,1851.97
3366,1502,73,1,1375.78
3367,1503,42,2,1759.41
3368,1503,78,-1,1459.96
3369,1504,87,1,1113.26
3370,1504,19,1,2951.96
3371,1504,49,2,3240.94
3372,1504,36,1,805.88
3373,1505,80,1,955.74
3374,1505,81,1,1532.57
3375,1506,31,4,538.06
3376,1506,77,2,2101.09
3377,1507,74,1,1567.58
3378,1508,29,2,2825.36
3379,1508,67,2,1258.12
3380,1508,2,1,1977.49
3381,1509,87,1,1113.26
3382,1510,81,1,1532.57
3383,1510,33,2,950.19
3384,1510,23,1,2165.39
3385,1511,39,1,345.28
3386,1512,43,1,2749.53
3387,1512,76,2,379.36
3388,1513,41,1,52.79
3389,1513,39,1,345.28
3390,1513,49,1,3240.94
3391,1513,57,1,3139.81
3392,1514,68,0,1522.73
3393,1515,17,2,3309.15
3394,1516,33,1,950.19
3395,1516,8,1,2297.94
3396,1517,54,4,1405.97
3397,1518,5,2,1473.07
3398,1518,66,1,3474.1
3399,1518,38,1,3006.5
3400,1518,6,1,1167.83
3401,1519,78,1,1459.96
3402,1520,8,2,2297.94
3403,1520,52,1,3365.81
3404,1520,31,1,538.06
3405,1520,58,1,2649.42
3406,1520,59,2,3459.8
3407,1521,18,3,2679.8
3408,1522,28,1,2849.69
3409,1522,49,2,3240.94
3410,1522,81,2,1532.57
3411,1523,81,1,1532.57
3412,1524,64,1,1400.43
3413,1525,16,2,137.61
3414,1526,53,2,2637.75
3415,1526,58,1,2649.42
3416,1527,33,1,950.19
3417,1528,15,3,2253.4
3418,1528,68,1,1522.73
3419,1529,54,1,1405.97
3420,1529,52,2,3365.81
3421,1530,33,2,950.19
3422,1530,66,1,3474.1
3423,1530,86,1,1065.41
3424,1531,84,2,3321.81
3425,1531,61,4,206.76
3426,1531,73,1,1375.78
3427,1531,74,1,1567.58
3428,1531,53,1,2637.75
3429,1532,32,1,1851.97
3430,1532,11,1,1727.17
3431,1532,54,1,1405.97
3432,1533,4,1,3272.86
3433,1533,17,3,3309.15
3434,1533,48,1,181.94
3435,1534,65,4,123.0
3436,1534,33,1,950.19
3437,1535,61,1,206.76
3438,1535,36,2,805.88
3439,1535,19,1,2951.96
3440,1536,67,1,1258.12
3441,1537,58,3,2649.42
3442,1537,35,1,1986.11
3443,1538,37,1,2970.48
3444,1538,85,1,1551.88
3445,1539,41,1,52.79
3446,1539,60,1,1762.66
3447,1539,53,1,2637.75
3448,1540,12,1,2786.41
3449,1541,55,2,585.23
3450,1541,33,1,950.19
3451,1542,28,1,2849.69
3452,1542,23,1,2165.39
3453,1542,31,4,538.06
3454,1543,81,2,1532.57
3455,1543,16,1,137.61
3456,1543,5,4,1473.07
3457,1544,21,2,1779.85
3458,1544,59,1,3459.8
3459,1544,44,2,3005.6
3460,1544,43,2,2749.53
3461,1544,64,1,1400.43
3462,1545,85,1,1551.88
3463,1545,3,1,527.71
3464,1545,83,2,2165.91
3465,1546,14,2,3210.71
3466,1546,2,1,1977.49
3467,1546,41,2,52.79
3468,1546,51,1,3252.01
3469,1546,69,4,2319.04
3470,1547,8,1,2297.94
3471,1547,47,1,3108.59
3472,1548,12,1,2786.41
3473,1548,77,2,2101.09
3474,1548,29,1,2825.36
3475,1548,63,1,2696.04
3476,1549,38,1,3006.5
3477,1550,32,1,1851.97
3478,1551,35,1,1986.11
3479,1552,56,2,2924.48
3480,1552,40,1,1943.3
3481,1552,57,1,3139.81
3482,1553,83,1,2165.91
3483,1553,48,2,181.94
3484,1554,71,1,2501.52
3485,1554,64,1,1400.43
3486,1554,9,1,915.4
3487,1555,82,1,895.82
3488,1555,8,1,2297.94
3489,1555,32,1,1851.97
3490,1555,68,3,1522.73
3491,1556,49,1,3240.94
3492,1557,58,1,2649.42
3493,1557,46,1,755.63
3494,1557,51,1,3252.01
3495,1558,43,1,2749.53
3496,1559,17,2,3309.15
3497,1560,13,1,2526.59
3498,1560,33,1,950.19
3499,1561,68,1,1522.73
3500,1562,42,2,1759.41
3501,1563,78,2,1459.96
3502,1563,8,2,2297.94
3503,1563,56,1,2924.48
3504,1563,90,2,3263.49
3505,1564,80,1,955.74
3506,1565,80,1,955.74
3507,1565,59,2,3459.8
3508,1565,75,1,672.02
3509,1565,63,1,2696.04
3510,1566,78,1,1459.96
3511,1566,53,1,2637.75
3512,1566,3,1,527.71
3513,1567,29,1,2825.36
3514,1568,38,2,3006.5
3515,1568,6,2,1167.83
3516,1569,67,1,1258.12
3517,1569,70,1,2172.68
3518,1569,53,1,2637.75
3519,1569,73,2,1375.78
3520,1569,78,4,1459.96
3521,1570,90,4,3263.49
3522,1570,34,2,1318.12
3523,1570,8,1,2297.94
3524,1571,77,1,2101.09
3525,1572,16,2,137.61
3526,1573,34,2,1318.12
3527,1573,85,1,1551.88
3528,1574,72,1,556.59
3529,1574,70,1,2172.68
3530,1574,81,2,1532.57
3531,1574,18,1,2679.8
3532,1575,81,1,1532.57
3533,1575,56,1,2924.48
3534,1575,88,1,2438.35
3535,1575,14,1,3210.71
3536,1576,1,1,1309.95
3537,1576,73,1,1375.78
3538,1576,16,1,137.61
3539,1577,59,2,3459.8
3540,1577,6,1,1167.83
3541,1577,76,1,379.36
3542,1578,47,1,3108.59
3543,1578,38,1,3006.5
3544,1579,71,2,2501.52
3545,1579,5,1,1473.07
3546,1579,59,1,3459.8
3547,1580,51,2,3252.01
3548,1580,80,1,955.74
3549,1581,86,2,1065.41
3550,1582,90,1,3263.49
3551,1582,63,2,2696.04
3552,1582,62,1,2938.49
3553,1582,26,2,1862.27
3554,1583,57,3,3139.81
3555,1584,87,1,1113.26
3556,1584,58,2,2649.42
3557,1585,2,4,1977.49
3558,1585,18,1,2679.8
3559,1586,56,1,2924.48
3560,1587,29,1,2825.36
3561,1587,44,2,3005.6
3562,1588,6,1,1167.83
3563,1588,16,2,137.61
3564,1589,9,3,915.4
3565,1590,19,1,2951.96
3566,1591,56,-1,2924.48
3567,1592,44,1,3005.6
3568,1592,83,4,2165.91
3569,1592,56,-1,2924.48
3570,1592,9,3,915.4
3571,1593,29,1,2825.36
3572,1593,16,1,137.61
3573,1593,72,2,556.59
3574,1594,17,2,3309.15
3575,1595,19,3,2951.96
3576,1596,14,2,3210.71
3577,1597,40,3,1943.3
3578,1597,4,1,3272.86
3579,1597,75,2,672.02
3580,1598,68,2,1522.73
3581,1598,82,2,895.82
3582,1598,76,1,379.36
3583,1598,21,1,1779.85
3584,1599,73,1,1375.78
3585,1599,11,2,1727.17
3586,1599,71,3,2501.52
3587,1599,14,1,3210.71
3588,1599,90,1,3263.49
3589,1600,53,1,2637.75
3590,1600,71,3,2501.52
3591,1600,67,1,1258.12
3592,1601,75,1,672.02
3593,1601,19,1,2951.96
3594,1602,28,1,2849.69
3595,1603,66,4,3474.1
3596,1604,48,4,181.94
3597,1604,6,1,1167.83
3598,1605,67,1,1258.12
3599,1605,22,1,2169.97
3600,1606,17,1,3309.15
3601,1607,71,2,2501.52
3602,1607,64,2,1400.43
3603,1607,11,1,1727.17
3604,1608,78,1,1459.96
3605,1608,53,2,2637.75
3606,1608,84,1,3321.81
3607,1608,29,1,2825.36
3608,1609,38,2,3006.5
3609,1609,33,2,950.19
3610,1609,1,3,1309.95
3611,1610,44,2,3005.6
3612,1610,52,3,3365.81
3613,1611,13,1,2526.59
3614,1611,16,1,137.61
3615,1611,53,1,2637.75
3616,1611,34,2,1318.12
3617,1612,31,1,538.06
3618,1612,88,1,2438.35
3619,1612,43,2,2749.53
3620,1613,9,1,915.4
3621,1613,74,3,1567.58
3622,1614,17,1,3309.15
3623,1614,15,1,2253.4
3624,1614,53,3,2637.75
3625,1614,80,1,955.74
3626,1614,82,3,895.82
3627,1615,23,1,2165.39
3628,1616,63,1,2696.04
3629,1616,2,1,1977.49
3630,1617,57,1,3139.81
3631,1618,37,1,2970.48
3632,1618,1,3,1309.95
3633,1618,65,1,123.0
3634,1618,3,2,527.71
3635,1619,77,3,2101.09
3636,1620,17,1,3309.15
3637,1620,16,3,137.61
3638,1621,38,1,3006.5
3639,1621,63,2,2696.04
3640,1622,53,1,2637.75
3641,1622,89,1,1328.57
3642,1622,82,2,895.82
3643,1622,62,3,2938.49
3644,1623,37,2,2970.48
3645,1624,40,1,1943.3
3646,1624,81,2,1532.57
3647,1624,78,2,1459.96
3648,1625,4,3,3272.86
3649,1626,67,1,1258.12
3650,1626,3,1,527.71
3651,1626,44,2,3005.6
3652,1627,49,1,3240.94
3653,1627,81,4,1532.57
3654,1628,38,1,3006.5
3655,1628,23,1,2165.39
3656,1629,59,1,3459.8
3657,1629,29,1,2825.36
3658,1629,57,1,3139.81
3659,1630,78,1,1459.96
3660,1631,37,4,2970.48
3661,1632,78,2,1459.96
3662,1632,4,1,3272.86
3663,1632,77,3,2101.09
3664,1633,69,1,2319.04
3665,1633,58,1,2649.42
3666,1633,15,2,2253.4
3667,1634,28,2,2849.69
3668,1635,10,4,3383.35
3669,1635,38,1,3006.5
3670,1636,56,2,2924.48
3671,1637,3,4,527.71
3672,1637,44,1,3005.6
3673,1637,87,4,1113.26
3674,1638,55,1,585.23
3675,1638,65,1,123.0
3676,1638,85,1,1551.88
3677,1638,80,1,955.74
3678,1639,62,1,2938.49
3679,1639,44,1,3005.6
3680,1640,22,3,2169.97
3681,1640,39,1,345.28
3682,1641,63,1,2696.04
3683,1641,86,0,1065.41
3684,1642,86,1,1065.41
3685,1643,28,2,2849.69
3686,1644,49,1,3240.94
3687,1644,59,3,3459.8
3688,1645,74,1,1567.58
3689,1646,68,1,1522.73
3690,1646,82,2,895.82
3691,1647,70,1,2172.68
3692,1648,70,3,2172.68
3693,1648,61,1,206.76
3694,1649,63,2,2696.04
3695,1650,88,2,2438.35
3696,1650,38,2,3006.5
3697,1650,63,1,2696.04
3698,1651,88,1,2438.35
3699,1651,17,1,3309.15
3700,1652,39,2,345.28
3701,1653,34,2,1318.12
3702,1654,51,1,3252.01
3703,1654,40,2,1943.3
3704,1655,32,1,1851.97
3705,1656,84,1,3321.81
3706,1657,74,1,1567.58
3707,1657,6,4,1167.83
3708,1657,40,-1,1943.3
3709,1657,4,1,3272.86
3710,1657,67,2,1258.12
3711,1658,19,1,2951.96
3712,1659,62,1,2938.49
3713,1659,31,1,538.06
3714,1660,57,1,3139.81
3715,1660,62,4,2938.49
3716,1660,5,1,1473.07
3717,1661,48,1,181.94
3718,1662,9,3,915.4
3719,1662,7,2,2920.0
3720,1663,83,1,2165.91
3721,1664,66,1,3474.1
3722,1664,67,1,1258.12
3723,1665,37,1,2970.48
3724,1666,67,1,1258.12
3725,1667,51,1,3252.01
3726,1667,89,2,1328.57
3727,1667,28,1,2849.69
3728,1667,59,1,3459.8
3729,1667,5,2,1473.07
3730,1668,22,3,2169.97
3731,1668,83,1,2165.91
3732,1668,28,1,2849.69
3733,1668,35,1,1986.11
3734,1668,58,4,2649.42
3735,1669,31,1,538.06
3736,1669,36,1,805.88
3737,1669,70,1,2172.68
3738,1670,6,2,1167.83
3739,1671,4,2,3272.86
3740,1672,74,1,1567.58
3741,1672,31,1,538.06
3742,1672,75,1,672.02
3743,1672,89,2,1328.57
3744,1672,43,1,2749.53
3745,1673,1,3,1309.95
3746,1674,72,2,556.59
3747,1674,8,3,2297.94
3748,1675,56,2,2924.48
3749,1675,37,1,2970.48
3750,1675,36,2,805.88
3751,1676,6,4,1167.83
3752,1676,77,1,2101.09
3753,1676,78,4,1459.96
3754,1676,80,2,955.74
3755,1676,46,1,755.63
3756,1677,86,1,1065.41
3757,1677,7,1,2920.0
3758,1678,83,1,2165.91
3759,1678,86,1,1065.41
3760,1679,58,0,2649.42
3761,1679,52,1,3365.81
3762,1680,40,2,1943.3
3763,1680,8,1,2297.94
3764,1680,28,3,2849.69
3765,1681,47,1,3108.59
3766,1682,75,2,672.02
3767,1682,18,1,2679.8
3768,1682,5,2,1473.07
3769,1683,5,3,1473.07
3770,1683,79,4,2010.32
3771,1683,35,1,1986.11
3772,1684,69,1,2319.04
3773,1684,83,2,2165.91
3774,1685,48,1,181.94
3775,1685,88,3,2438.35
3776,1685,47,1,3108.59
3777,1685,35,1,1986.11
3778,1686,17,1,3309.15
3779,1686,82,1,895.82
3780,1686,52,1,3365.81
3781,1686,13,1,2526.59
3782,1686,71,1,2501.52
3783,1687,72,1,556.59
3784,1688,43,1,2749.53
3785,1689,49,1,3240.94
3786,1689,2,2,1977.49
3787,1689,42,2,1759.41
3788,1690,41,1,52.79
3789,1690,59,1,3459.8
3790,1690,42,1,1759.41
3791,1691,31,3,538.06
3792,1691,54,1,1405.97
3793,1692,21,1,1779.85
3794,1693,64,3,1400.43
3795,1693,87,1,1113.26
3796,1693,70,1,2172.68
3797,1694,19,2,2951.96
3798,1694,41,1,52.79
3799,1695,8,2,2297.94
3800,1696,77,3,2101.09
3801,1696,44,2,3005.6
3802,1696,79,1,2010.32
3803,1696,60,1,1762.66
3804,1696,66,2,3474.1
3805,1697,33,3,950.19
3806,1697,49,2,3240.94
3807,1698,16,3,137.61
3808,1698,21,1,1779.85
3809,1699,9,3,915.4
3810,1700,40,1,1943.3
3811,1700,14,2,3210.71
3812,1701,35,2,1986.11
3813,1702,53,1,2637.75
3814,1702,62,4,2938.49
3815,1702,28,1,2849.69
3816,1702,16,2,137.61
3817,1703,7,2,2920.0
3818,1703,78,2,1459.96
3819,1704,71,1,2501.52
3820,1705,12,1,2786.41
3821,1706,22,1,2169.97
3822,1707,57,1,3139.81
3823,1708,36,1,805.88
3824,1708,9,4,915.4
3825,1708,60,1,1762.66
3826,1709,5,1,1473.07
3827,1709,54,2,1405.97
3828,1709,77,1,2101.09
3829,1709,30,1,392.32
3830,1709,83,2,2165.91
3831,1710,62,0,2938.49
3832,1710,36,1,805.88
3833,1710,70,1,2172.68
3834,1710,82,4,895.82
3835,1710,6,1,1167.83
3836,1711,64,1,1400.43
3837,1711,73,1,1375.78
3838,1711,13,0,2526.59
3839,1711,59,1,3459.8
3840,1711,62,1,2938.49
3841,1712,68,1,1522.73
3842,1712,40,1,1943.3
3843,1713,29,2,2825.36
3844,1713,23,1,2165.39
3845,1714,12,2,2786.41
3846,1715,79,1,2010.32
3847,1716,37,1,2970.48
3848,1717,36,1,805.88
3849,1717,12,1,2786.41
3850,1717,47,2,3108.59
3851,1718,81,2,1532.57
3852,1718,2,2,1977.49
3853,1719,73,4,1375.78
3854,1719,9,4,915.4
3855,1720,19,2,2951.96
3856,1720,36,1,805.88
3857,1720,90,1,3263.49
3858,1721,34,2,1318.12
3859,1721,69,1,2319.04
3860,1722,59,1,3459.8
3861,1723,36,3,805.88
3862,1723,7,1,2920.0
3863,1724,58,2,2649.42
3864,1724,90,1,3263.49
3865,1724,54,1,1405.97
3866,1725,57,2,3139.81
3867,1726,84,1,3321.81
3868,1726,38,1,3006.5
3869,1727,62,1,2938.49
3870,1728,42,1,1759.41
3871,1729,65,3,123.0
3872,1729,13,1,2526.59
3873,1730,74,2,1567.58
3874,1730,51,2,3252.01
3875,1731,46,3,755.63
3876,1732,38,4,3006.5
3877,1733,67,1,1258.12
3878,1733,61,1,206.76
3879,1734,40,1,1943.3
3880,1734,17,1,3309.15
3881,1734,31,2,538.06
3882,1735,6,1,1167.83
3883,1735,5,1,1473.07
3884,1735,53,3,2637.75
3885,1736,59,1,3459.8
3886,1736,53,1,2637.75
3887,1736,86,1,1065.41
3888,1736,83,1,2165.91
3889,1737,71,2,2501.52
3890,1738,53,1,2637.75
3891,1738,16,1,137.61
3892,1739,82,1,895.82
3893,1739,65,1,123.0
3894,1740,21,1,1779.85
3895,1741,36,1,805.88
3896,1741,12,1,2786.41
3897,1742,12,3,2786.41
3898,1743,19,1,2951.96
3899,1744,18,2,2679.8
3900,1744,7,3,2920.0
3901,1745,15,3,2253.4
3902,1745,1,3,1309.95
3903,1745,52,1,3365.81
3904,1746,10,2,3383.35
3905,1747,56,3,2924.48
3906,1747,65,2,123.0
3907,1748,34,2,1318.12
3908,1748,3,1,527.71
3909,1749,60,1,1762.66
3910,1749,48,3,181.94
3911,1749,67,1,1258.12
3912,1749,8,1,2297.94
3913,1749,63,1,2696.04
3914,1750,48,1,181.94
3915,1750,15,1,2253.4
3916,1750,80,3,955.74
3917,1750,4,1,3272.86
3918,1751,84,1,3321.81
3919,1752,33,-1,950.19
3920,1752,60,2,1762.66
3921,1752,30,1,392.32
3922,1753,76,1,379.36
3923,1753,41,1,52.79
3924,1754,19,2,2951.96
3925,1754,13,4,2526.59
3926,1755,49,1,3240.94
3927,1755,86,2,1065.41
3928,1755,23,3,2165.39
3929,1756,89,2,1328.57
3930,1757,55,2,585.23
3931,1758,35,1,1986.11
3932,1758,79,1,2010.32
3933,1759,82,2,895.82
3934,1759,11,1,1727.17
3935,1760,32,1,1851.97
3936,1760,55,1,585.23
3937,1761,51,2,3252.01
3938,1762,48,3,181.94
3939,1762,80,1,955.74
3940,1762,30,3,392.32
3941,1763,57,3,3139.81
3942,1763,28,3,2849.69
3943,1764,28,1,2849.69
3944,1764,64,4,1400.43
3945,1764,15,2,2253.4
3946,1764,81,2,1532.57
3947,1764,22,1,2169.97
3948,1765,84,3,3321.81
3949,1766,9,1,915.4
3950,1766,82,2,895.82
3951,1767,30,4,392.32
3952,1768,4,1,3272.86
3953,1769,66,2,3474.1
3954,1769,69,2,2319.04
3955,1769,70,2,2172.68
3956,1770,61,2,206.76
3957,1770,89,3,1328.57
3958,1771,88,4,2438.35
3959,1771,46,2,755.63
3960,1772,21,3,1779.85
3961,1772,5,1,1473.07
3962,1772,52,1,3365.81
3963,1773,65,1,123.0
3964,1773,41,1,52.79
3965,1773,74,2,1567.58
3966,1773,85,2,1551.88
3967,1773,26,1,1862.27
3968,1774,15,1,2253.4
3969,1775,41,1,52.79
3970,1775,70,3,2172.68
3971,1775,64,3,1400.43
3972,1775,84,1,3321.81
3973,1775,35,1,1986.11
3974,1776,26,2,1862.27
3975,1776,51,2,3252.01
3976,1776,19,1,2951.96
3977,1777,55,2,585.23
3978,1778,81,1,1532.57
3979,1778,80,2,955.74
3980,1779,68,1,1522.73
3981,1779,78,1,1459.96
3982,1779,32,2,1851.97
3983,1780,48,1,181.94
3984,1781,40,4,1943.3
3985,1781,77,1,2101.09
3986,1782,82,1,895.82
3987,1782,30,1,392.32
3988,1783,33,1,950.19
3989,1784,2,2,1977.49
3990,1785,89,1,1328.57
3991,1785,8,2,2297.94
3992,1786,11,1,1727.17
3993,1786,65,1,123.0
3994,1786,43,1,2749.53
3995,1786,31,1,538.06
3996,1787,52,1,3365.81
3997,1788,39,1,345.28
3998,1789,54,2,1405.97
3999,1789,64,1,1400.43
4000,1790,59,1,3459.8
4001,1790,75,-1,672.02
4002,1791,39,2,345.28
4003,1791,34,3,1318.12
4004,1792,9,1,915.4
4005,1792,3,2,527.71
4006,1792,43,2,2749.53
4007,1793,1,1,1309.95
4008,1794,88,1,2438.35
4009,1794,85,2,1551.88
4010,1795,87,1,1113.26
4011,1795,82,1,895.82
4012,1795,36,1,805.88
4013,1795,54,1,1405.97
4014,1796,43,1,2749.53
4015,1796,65,4,123.0
4016,1796,54,2,1405.97
4017,1796,57,1,3139.81
4018,1797,22,1,2169.97
4019,1798,37,2,2970.48
4020,1799,36,0,805.88
4021,1800,42,1,1759.41
4022,1801,38,1,3006.5
4023,1801,67,3,1258.12
4024,1801,7,4,2920.0
4025,1801,60,1,1762.66
4026,1802,18,1,2679.8
4027,1803,1,2,1309.95
4028,1803,23,1,2165.39
4029,1803,42,1,1759.41
4030,1804,11,1,1727.17
4031,1804,74,2,1567.58
4032,1804,48,1,181.94
4033,1805,83,2,2165.91
4034,1806,46,1,755.63
4035,1806,77,2,2101.09
4036,1806,15,1,2253.4
4037,1807,43,1,2749.53
4038,1808,14,1,3210.71
4039,1808,90,3,3263.49
4040,1809,1,2,1309.95
4041,1810,57,1,3139.81
4042,1810,80,3,955.74
4043,1810,81,1,1532.57
4044,1811,64,1,1400.43
4045,1812,89,2,1328.57
4046,1812,43,4,2749.53
4047,1812,44,1,3005.6
4048,1812,62,1,2938.49
4049,1813,83,3,2165.91
4050,1813,16,2,137.61
4051,1813,36,1,805.88
4052,1813,56,2,2924.48
4053,1813,65,4,123.0
4054,1814,78,3,1459.96
4055,1814,90,1,3263.49
4056,1814,4,1,3272.86
4057,1815,35,1,1986.11
4058,1815,42,4,1759.41
4059,1815,28,1,2849.69
4060,1816,57,2,3139.81
4061,1816,68,4,1522.73
4062,1817,37,1,2970.48
4063,1818,67,1,1258.12
4064,1818,56,3,2924.48
4065,1818,4,4,3272.86
4066,1819,70,2,2172.68
4067,1819,88,1,2438.35
4068,1819,61,2,206.76
4069,1820,10,1,3383.35
4070,1820,6,2,1167.83
4071,1820,64,1,1400.43
4072,1820,90,1,3263.49
4073,1821,83,1,2165.91
4074,1821,70,4,2172.68
4075,1821,19,1,2951.96
4076,1822,75,1,672.02
4077,1822,82,2,895.82
4078,1822,31,4,538.06
4079,1823,28,1,2849.69
4080,1823,33,1,950.19
4081,1824,55,2,585.23
4082,1825,65,1,123.0
4083,1825,77,3,2101.09
4084,1825,90,1,3263.49
4085,1826,65,1,123.0
4086,1826,90,1,3263.49
4087,1826,34,1,1318.12
4088,1826,11,1,1727.17
4089,1827,36,1,805.88
4090,1828,67,4,1258.12
4091,1829,1,1,1309.95
4092,1829,78,1,1459.96
4093,1830,58,2,2649.42
4094,1830,30,1,392.32
4095,1831,35,2,1986.11
4096,1831,76,1,379.36
4097,1831,2,2,1977.49
4098,1832,23,1,2165.39
4099,1833,29,2,2825.36
4100,1834,13,1,2526.59
4101,1834,81,1,1532.57
4102,1835,59,1,3459.8
4103,1836,61,1,206.76
4104,1836,34,2,1318.12
4105,1836,58,1,2649.42
4106,1836,52,3,3365.81
4107,1836,84,1,3321.81
4108,1837,66,1,3474.1
4109,1837,6,1,1167.83
4110,1837,30,1,392.32
4111,1837,26,3,1862.27
4112,1838,44,2,3005.6
4113,1838,63,1,2696.04
4114,1839,63,1,2696.04
4115,1839,46,3,755.63
4116,1839,81,1,1532.57
4117,1839,61,4,206.76
4118,1840,71,2,2501.52
4119,1840,58,1,2649.42
4120,1840,22,3,2169.97
4121,1840,35,1,1986.11
4122,1840,7,3,2920.0
4123,1841,43,2,2749.53
4124,1841,77,3,2101.09
4125,1841,54,1,1405.97
4126,1842,12,1,2786.41
4127,1843,88,1,2438.35
4128,1844,9,1,915.4
4129,1845,17,4,3309.15
4130,1846,37,1,2970.48
4131,1846,32,1,1851.97
4132,1846,31,3,538.06
4133,1847,2,2,1977.49
4134,1848,48,4,181.94
4135,1849,67,2,1258.12
4136,1850,34,1,1318.12
4137,1851,11,1,1727.17
4138,1851,69,2,2319.04
4139,1852,81,1,1532.57
4140,1852,77,2,2101.09
4141,1853,54,1,1405.97
4142,1853,9,1,915.4
4143,1853,32,2,1851.97
4144,1854,89,2,1328.57
4145,1854,88,1,2438.35
4146,1855,37,1,2970.48
4147,1856,11,2,1727.17
4148,1856,89,1,1328.57
4149,1856,65,2,123.0
4150,1857,44,1,3005.6
4151,1857,6,1,1167.83
4152,1858,29,3,2825.36
4153,1859,57,2,3139.81
4154,1860,35,1,1986.11
4155,1860,81,1,1532.57
4156,1861,60,1,1762.66
4157,1861,65,2,123.0
4158,1862,65,2,123.0
4159,1862,78,2,1459.96
4160,1863,49,2,3240.94
4161,1864,5,1,1473.07
4162,1864,64,1,1400.43
4163,1864,73,4,1375.78
4164,1864,82,3,895.82
4165,1864,59,3,3459.8
4166,1865,5,3,1473.07
4167,1865,65,2,123.0
4168,1865,18,2,2679.8
4169,1865,2,1,1977.49
4170,1866,53,2,2637.75
4171,1866,69,1,2319.04
4172,1866,75,1,672.02
4173,1867,68,1,1522.73
4174,1867,11,1,1727.17
4175,1868,70,1,2172.68
4176,1869,15,4,2253.4
4177,1869,3,1,527.71
4178,1870,7,2,2920.0
4179,1871,36,1,805.88
4180,1872,79,2,2010.32
4181,1872,85,2,1551.88
4182,1872,68,2,1522.73
4183,1873,34,2,1318.12
4184,1873,72,1,556.59
4185,1873,13,3,2526.59
4186,1874,22,1,2169.97
4187,1874,41,1,52.79
4188,1874,66,1,3474.1
4189,1874,3,1,527.71
4190,1875,38,3,3006.5
4191,1876,16,1,137.61
4192,1876,23,3,2165.39
4193,1877,65,1,123.0
4194,1878,67,1,1258.12
4195,1878,42,1,1759.41
4196,1878,4,1,3272.86
4197,1878,48,2,181.94
4198,1879,4,2,3272.86
4199,1880,58,2,2649.42
4200,1881,26,1,1862.27
4201,1881,10,2,3383.35
4202,1881,44,4,3005.6
4203,1881,38,2,3006.5
4204,1882,46,1,755.63
4205,1882,61,4,206.76
4206,1882,16,2,137.61
4207,1883,19,1,2951.96
4208,1884,48,2,181.94
4209,1884,46,1,755.63
4210,1884,31,1,538.06
4211,1884,63,2,2696.04
4212,1885,85,1,1551.88
4213,1886,29,1,2825.36
4214,1887,51,1,3252.01
4215,1888,48,1,181.94
4216,1888,89,2,1328.57
4217,1888,23,3,2165.39
4218,1888,72,1,556.59
4219,1888,73,3,1375.78
4220,1889,42,1,1759.41
4221,1889,17,2,3309.15
4222,1890,40,1,1943.3
4223,1891,61,1,206.76
4224,1892,75,3,672.02
4225,1892,72,1,556.59
4226,1893,53,1,2637.75
4227,1893,31,2,538.06
4228,1894,42,1,1759.41
4229,1894,90,1,3263.49
4230,1894,55,1,585.23
4231,1894,3,1,527.71
4232,1895,6,2,1167.83
4233,1895,12,2,2786.41
4234,1896,37,1,2970.48
4235,1896,66,1,3474.1
4236,1896,4,3,3272.86
4237,1896,63,1,2696.04
4238,1897,32,1,1851.97
4239,1897,17,2,3309.15
4240,1897,54,2,1405.97
4241,1898,21,1,1779.85
4242,1898,65,1,123.0
4243,1898,78,1,1459.96
4244,1898,80,1,955.74
4245,1898,52,1,3365.81
4246,1899,52,2,3365.81
4247,1899,86,1,1065.41
4248,1899,65,2,123.0
4249,1900,14,1,3210.71
4250,1900,74,3,1567.58
4251,1901,31,1,538.06
4252,1902,66,3,3474.1
4253,1902,59,1,3459.8
4254,1903,56,1,2924.48
4255,1903,49,1,3240.94
4256,1903,53,4,2637.75
4257,1904,17,1,3309.15
4258,1904,75,2,672.02
4259,1904,84,1,3321.81
4260,1904,22,3,2169.97
4261,1904,5,3,1473.07
4262,1905,39,1,345.28
4263,1905,28,2,2849.69
4264,1906,65,2,123.0
4265,1906,29,1,2825.36
4266,1906,18,2,2679.8
4267,1907,18,1,2679.8
4268,1908,29,3,2825.36
4269,1909,79,4,2010.32
4270,1909,55,1,585.23
4271,1910,67,0,1258.12
4272,1910,36,1,805.88
4273,1910,15,1,2253.4
4274,1910,4,4,3272.86
4275,1911,66,4,3474.1
4276,1911,64,4,1400.43
4277,1911,34,1,1318.12
4278,1911,14,1,3210.71
4279,1912,65,2,123.0
4280,1912,54,1,1405.97
4281,1912,84,1,3321.81
4282,1913,26,1,1862.27
4283,1913,4,1,3272.86
4284,1914,40,1,1943.3
4285,1914,51,2,3252.01
4286,1915,31,1,538.06
4287,1916,73,1,1375.78
4288,1916,66,2,3474.1
4289,1916,51,1,3252.01
4290,1916,15,1,2253.4
4291,1917,41,1,52.79
4292,1917,9,2,915.4
4293,1917,66,1,3474.1
4294,1917,49,1,3240.94
4295,1918,73,1,1375.78
4296,1918,69,1,2319.04
4297,1919,13,1,2526.59
4298,1919,43,2,2749.53
4299,1920,42,1,1759.41
4300,1920,57,1,3139.81
4301,1921,18,1,2679.8
4302,1922,47,2,3108.59
4303,1922,6,3,1167.83
4304,1923,29,3,2825.36
4305,1924,14,1,3210.71
4306,1924,61,1,206.76
4307,1924,55,2,585.23
4308,1924,64,1,1400.43
4309,1925,64,2,1400.43
4310,1925,39,1,345.28
4311,1926,61,3,206.76
4312,1926,42,2,1759.41
4313,1927,46,1,755.63
4314,1927,32,4,1851.97
4315,1928,39,2,345.28
4316,1928,52,4,3365.81
4317,1929,63,1,2696.04
4318,1929,76,1,379.36
4319,1929,2,1,1977.49
4320,1929,39,1,345.28
4321,1929,1,1,1309.95
4322,1930,7,2,2920.0
4323,1931,31,2,538.06
4324,1931,49,1,3240.94
4325,1932,36,1,805.88
4326,1933,80,1,955.74
4327,1933,51,2,3252.01
4328,1933,82,2,895.82
4329,1934,48,1,181.94
4330,1934,69,2,2319.04
4331,1934,75,1,672.02
4332,1934,32,1,1851.97
4333,1935,90,1,3263.49
4334,1935,29,1,2825.36
4335,1936,84,2,3321.81
4336,1936,63,1,2696.04
4337,1936,4,1,3272.86
4338,1936,70,2,2172.68
4339,1937,40,3,1943.3
4340,1937,82,1,895.82
4341,1937,11,2,1727.17
4342,1937,69,2,2319.04
4343,1937,44,1,3005.6
4344,1938,52,2,3365.81
4345,1938,68,1,1522.73
4346,1938,69,1,2319.04
4347,1938,43,1,2749.53
4348,1939,9,1,915.4
4349,1939,40,3,1943.3
4350,1940,84,1,3321.81
4351,1940,71,1,2501.52
4352,1940,67,1,1258.12
4353,1941,81,2,1532.57
4354,1942,4,1,3272.86
4355,1943,18,3,2679.8
4356,1943,1,2,1309.95
4357,1943,42,3,1759.41
4358,1943,39,1,345.28
4359,1944,66,1,3474.1
4360,1944,90,1,3263.49
4361,1944,55,1,585.23
4362,1945,44,2,3005.6
4363,1945,54,2,1405.97
4364,1945,63,1,2696.04
4365,1946,56,1,2924.48
4366,1946,58,1,2649.42
4367,1946,37,1,2970.48
4368,1947,62,1,2938.49
4369,1948,8,1,2297.94
4370,1948,41,1,52.79
4371,1949,19,1,2951.96
4372,1949,66,0,3474.1
4373,1950,6,3,1167.83
4374,1950,60,2,1762.66
4375,1951,62,1,2938.49
4376,1951,40,1,1943.3
4377,1952,36,2,805.88
4378,1952,22,1,2169.97
4379,1953,35,2,1986.11
4380,1953,3,2,527.71
4381,1953,11,1,1727.17
4382,1953,14,1,3210.71
4383,1953,15,1,2253.4
4384,1954,14,1,3210.71
4385,1954,49,2,3240.94
4386,1955,73,1,1375.78
4387,1955,32,1,1851.97
4388,1955,46,2,755.63
4389,1956,51,4,3252.01
4390,1957,36,2,805.88
4391,1957,31,1,538.06
4392,1957,76,1,379.36
4393,1957,80,1,955.74
4394,1957,52,1,3365.81
4395,1958,81,2,1532.57
4396,1958,15,1,2253.4
4397,1959,60,1,1762.66
4398,1959,23,3,2165.39
4399,1960,53,1,2637.75
4400,1960,15,1,2253.4
4401,1961,7,2,2920.0
4402,1961,12,2,2786.41
4403,1961,1,2,1309.95
4404,1961,17,2,3309.15
4405,1962,17,1,3309.15
4406,1962,2,1,1977.49
4407,1962,29,1,2825.36
4408,1963,6,2,1167.83
4409,1964,44,2,3005.6
4410,1965,5,1,1473.07
4411,1966,35,1,1986.11
4412,1966,84,1,3321.81
4413,1967,17,1,3309.15
4414,1968,7,2,2920.0
4415,1969,41,2,52.79
4416,1969,9,1,915.4
4417,1970,51,1,3252.01
4418,1971,83,1,2165.91
4419,1971,32,3,1851.97
4420,1971,36,2,805.88
4421,1971,28,0,2849.69
4422,1971,72,1,556.59
4423,1972,78,1,1459.96
4424,1972,26,2,1862.27
4425,1973,67,1,1258.12
4426,1973,87,1,1113.26
4427,1973,89,1,1328.57
4428,1973,33,1,950.19
4429,1974,14,1,3210.71
4430,1974,41,3,52.79
4431,1975,36,2,805.88
4432,1975,81,1,1532.57
4433,1975,32,1,1851.97
4434,1975,80,1,955.74
4435,1976,37,2,2970.48
4436,1977,22,1,2169.97
4437,1978,41,1,52.79
4438,1978,64,3,1400.43
4439,1979,6,2,1167.83
4440,1979,33,4,950.19
4441,1979,64,1,1400.43
4442,1979,15,1,2253.4
4443,1980,11,3,1727.17
4444,1980,12,1,2786.41
4445,1980,60,2,1762.66
4446,1981,12,1,2786.41
4447,1982,32,1,1851.97
4448,1982,57,2,3139.81
4449,1983,37,1,2970.48
4450,1983,19,0,2951.96
4451,1984,63,1,2696.04
4452,1985,7,1,2920.0
4453,1985,87,1,1113.26
4454,1986,84,3,3321.81
4455,1987,2,1,1977.49
4456,1988,88,1,2438.35
4457,1988,18,1,2679.8
4458,1989,54,1,1405.97
4459,1990,66,1,3474.1
4460,1990,90,1,3263.49
4461,1990,4,1,3272.86
4462,1991,59,1,3459.8
4463,1991,74,1,1567.58
4464,1992,66,1,3474.1
4465,1993,72,2,556.59
4466,1993,53,1,2637.75
4467,1993,14,1,3210.71
4468,1994,59,2,3459.8
4469,1994,47,2,3108.59
4470,1994,2,2,1977.49
4471,1994,6,1,1167.83
4472,1995,88,1,2438.35
4473,1995,18,1,2679.8
4474,1996,49,3,3240.94
4475,1996,52,2,3365.81
4476,1996,68,2,1522.73
4477,1997,9,1,915.4
4478,1998,86,2,1065.41
4479,1999,21,1,1779.85
4480,1999,26,2,1862.27
4481,1999,82,2,895.82
4482,2000,23,2,2165.39
4483,2000,84,2,3321.81
4484,2001,18,1,2679.8
4485,2001,78,1,1459.96
4486,2002,7,3,2920.0
4487,2003,42,1,1759.41
4488,2003,70,1,2172.68
4489,2003,58,1,2649.42
4490,2003,65,1,123.0
4491,2003,86,2,1065.41
4492,2004,79,1,2010.32
4493,2004,88,1,2438.35
4494,2004,44,1,3005.6
4495,2005,28,1,2849.69
4496,2006,28,1,2849.69
4497,2006,55,1,585.23
4498,2007,22,1,2169.97
4499,2008,59,2,3459.8
4500,2008,76,1,379.36
4501,2008,84,1,3321.81
4502,2009,88,1,2438.35
4503,2010,6,1,1167.83
4504,2010,52,1,3365.81
4505,2011,55,3,585.23
4506,2012,73,4,1375.78
4507,2012,67,1,1258.12
4508,2012,85,1,1551.88
4509,2013,61,2,206.76
4510,2014,39,4,345.28
4511,2014,7,2,2920.0
4512,2014,78,1,1459.96
4513,2015,29,1,2825.36
4514,2015,39,2,345.28
4515,2016,84,2,3321.81
4516,2016,36,2,805.88
4517,2016,87,3,1113.26
4518,2016,85,1,1551.88
4519,2016,77,2,2101.09
4520,2017,81,1,1532.57
4521,2018,57,2,3139.81
4522,2019,1,1,1309.95
4523,2020,36,1,805.88
4524,2021,15,1,2253.4
4525,2022,65,1,123.0
4526,2023,1,2,1309.95
4527,2024,66,2,3474.1
4528,2024,55,2,585.23
4529,2024,49,1,3240.94
4530,2025,72,1,556.59
4531,2025,68,1,1522.73
4532,2025,15,1,2253.4
4533,2025,54,1,1405.97
4534,2025,10,1,3383.35
4535,2026,28,2,2849.69
4536,2026,5,2,1473.07
4537,2027,76,1,379.36
4538,2027,30,2,392.32
4539,2028,2,1,1977.49
4540,2029,10,1,3383.35
4541,2030,64,1,1400.43
4542,2030,56,3,2924.48
4543,2031,62,1,2938.49
4544,2032,32,3,1851.97
4545,2032,23,1,2165.39
4546,2033,15,4,2253.4
4547,2033,62,2,2938.49
4548,2034,1,1,1309.95
4549,2034,26,1,1862.27
4550,2034,46,1,755.63
4551,2034,13,1,2526.59
4552,2034,48,1,181.94
4553,2035,3,1,527.71
4554,2036,73,1,1375.78
4555,2037,47,-1,3108.59
4556,2038,42,1,1759.41
4557,2039,71,1,2501.52
4558,2039,37,2,2970.48
4559,2039,62,2,2938.49
4560,2040,42,1,1759.41
4561,2040,6,1,1167.83
4562,2041,22,1,2169.97
4563,2041,63,4,2696.04
4564,2042,79,1,2010.32
4565,2042,4,3,3272.86
4566,2043,22,1,2169.97
4567,2044,56,3,2924.48
4568,2044,75,1,672.02
4569,2044,4,1,3272.86
4570,2044,10,1,3383.35
4571,2045,67,1,1258.12
4572,2045,10,1,3383.35
4573,2045,12,3,2786.41
4574,2045,65,3,123.0
4575,2046,22,1,2169.97
4576,2046,37,1,2970.48
4577,2046,8,1,2297.94
4578,2047,73,4,1375.78
4579,2047,16,1,137.61
4580,2047,80,2,955.74
4581,2047,8,2,2297.94
4582,2047,13,1,2526.59
4583,2048,58,2,2649.42
4584,2049,64,1,1400.43
4585,2049,61,1,206.76
4586,2049,44,2,3005.6
4587,2050,1,1,1309.95
4588,2051,22,1,2169.97
4589,2051,63,3,2696.04
4590,2052,88,1,2438.35
4591,2052,82,1,895.82
4592,2052,89,1,1328.57
4593,2052,28,1,2849.69
4594,2053,29,2,2825.36
4595,2053,32,1,1851.97
4596,2054,37,1,2970.48
4597,2054,4,2,3272.86
4598,2054,85,2,1551.88
4599,2055,41,1,52.79
4600,2056,46,2,755.63
4601,2056,57,2,3139.81
4602,2057,65,1,123.0
4603,2057,58,1,2649.42
4604,2058,1,1,1309.95
4605,2058,56,1,2924.48
4606,2058,87,2,1113.26
4607,2058,22,2,2169.97
4608,2059,37,4,2970.48
4609,2059,49,1,3240.94
4610,2059,26,1,1862.27
4611,2060,5,1,1473.07
4612,2060,41,2,52.79
4613,2061,42,3,1759.41
4614,2062,80,1,955.74
4615,2063,23,2,2165.39
4616,2063,11,1,1727.17
4617,2064,71,3,2501.52
4618,2064,15,2,2253.4
4619,2065,89,3,1328.57
4620,2065,85,1,1551.88
4621,2065,26,3,1862.27
4622,2066,31,1,538.06
4623,2066,47,2,3108.59
4624,2067,1,1,1309.95
4625,2067,8,1,2297.94
4626,2068,33,3,950.19
4627,2068,40,2,1943.3
4628,2068,68,1,1522.73
4629,2069,30,4,392.32
4630,2070,58,4,2649.42
4631,2071,88,3,2438.35
4632,2071,56,2,2924.48
4633,2072,87,1,1113.26
4634,2072,60,1,1762.66
4635,2072,2,1,1977.49
4636,2072,61,2,206.76
4637,2073,19,1,2951.96
4638,2073,9,4,915.4
4639,2074,10,2,3383.35
4640,2075,14,1,3210.71
4641,2075,23,4,2165.39
4642,2076,7,1,2920.0
4643,2076,28,1,2849.69
4644,2076,68,4,1522.73
4645,2076,23,1,2165.39
4646,2077,11,2,1727.17
4647,2077,38,1,3006.5
4648,2078,86,2,1065.41
4649,2078,84,3,3321.81
4650,2078,88,3,2438.35
4651,2079,39,1,345.28
4652,2080,69,1,2319.04
4653,2081,52,1,3365.81
4654,2082,83,4,2165.91
4655,2082,39,2,345.28
4656,2082,65,2,123.0
4657,2083,82,1,895.82
4658,2083,34,1,1318.12
4659,2084,31,1,538.06
4660,2084,56,1,2924.48
4661,2085,84,2,3321.81
4662,2085,39,1,345.28
4663,2086,35,1,1986.11
4664,2087,74,1,1567.58
4665,2087,52,1,3365.81
4666,2087,77,3,2101.09
4667,2087,87,1,1113.26
4668,2088,47,1,3108.59
4669,2088,11,1,1727.17
4670,2088,23,1,2165.39
4671,2088,12,2,2786.41
4672,2089,17,1,3309.15
4673,2089,40,4,1943.3
4674,2089,51,1,3252.01
4675,2089,81,1,1532.57
4676,2090,65,1,123.0
4677,2090,82,2,895.82
4678,2091,47,1,3108.59
4679,2091,65,1,123.0
4680,2091,33,2,950.19
4681,2092,23,1,2165.39
4682,2093,82,1,895.82
4683,2093,88,2,2438.35
4684,2094,88,2,2438.35
4685,2094,26,2,1862.27
4686,2095,86,1,1065.41
4687,2096,19,2,2951.96
4688,2096,8,1,2297.94
4689,2097,12,1,2786.41
4690,2097,49,1,3240.94
4691,2098,46,1,755.63
4692,2099,30,1,392.32
4693,2099,84,1,3321.81
4694,2099,68,1,1522.73
4695,2100,39,1,345.28
4696,2101,31,1,538.06
4697,2101,38,1,3006.5
4698,2101,59,1,3459.8
4699,2102,84,1,3321.81
4700,2102,29,4,2825.36
4701,2102,32,1,1851.97
4702,2102,71,1,2501.52
4703,2103,34,2,1318.12
4704,2103,8,1,2297.94
4705,2103,71,1,2501.52
4706,2104,3,3,527.71
4707,2104,87,1,1113.26
4708,2104,84,1,3321.81
4709,2105,60,2,1762.66
4710,2105,69,1,2319.04
4711,2106,60,1,1762.66
4712,2107,43,2,2749.53
4713,2107,48,1,181.94
4714,2108,37,1,2970.48
4715,2109,7,1,2920.0
4716,2110,35,1,1986.11
4717,2110,7,1,2920.0
4718,2111,11,4,1727.17
4719,2111,31,1,538.06
4720,2111,53,1,2637.75
4721,2111,9,1,915.4
4722,2111,44,2,3005.6
4723,2112,14,1,3210.71
4724,2113,71,1,2501.52
4725,2114,36,2,805.88
4726,2114,37,3,2970.48
4727,2115,81,1,1532.57
4728,2116,51,1,3252.01
4729,2116,23,4,2165.39
4730,2116,5,1,1473.07
4731,2116,22,1,2169.97
4732,2117,78,2,1459.96
4733,2118,43,1,2749.53
4734,2118,84,2,3321.81
4735,2119,81,2,1532.57
4736,2119,40,4,1943.3
4737,2119,46,1,755.63
4738,2120,1,1,1309.95
4739,2120,4,1,3272.86
4740,2120,38,3,3006.5
4741,2121,53,1,2637.75
4742,2121,48,2,181.94
4743,2122,51,1,3252.01
4744,2122,6,1,1167.83
4745,2123,34,1,1318.12
4746,2123,61,1,206.76
4747,2123,69,1,2319.04
4748,2124,44,1,3005.6
4749,2124,10,2,3383.35
4750,2124,66,1,3474.1
4751,2125,13,1,2526.59
4752,2126,17,1,3309.15
4753,2126,12,1,2786.41
4754,2127,26,2,1862.27
4755,2128,78,1,1459.96
4756,2128,58,1,2649.42
4757,2128,69,3,2319.04
4758,2128,71,3,2501.52
4759,2129,47,2,3108.59
4760,2129,53,1,2637.75
4761,2130,6,3,1167.83
4762,2130,79,1,2010.32
4763,2130,35,1,1986.11
4764,2130,60,1,1762.66
4765,2131,82,1,895.82
4766,2132,54,3,1405.97
4767,2133,9,1,915.4
4768,2133,82,2,895.82
4769,2134,44,1,3005.6
4770,2134,78,1,1459.96
4771,2134,56,1,2924.48
4772,2134,81,1,1532.57
4773,2135,8,2,2297.94
4774,2135,51,1,3252.01
4775,2135,22,2,2169.97
4776,2135,70,2,2172.68
4777,2136,18,1,2679.8
4778,2136,35,1,1986.11
4779,2137,69,1,2319.04
4780,2138,71,3,2501.52
4781,2139,74,1,1567.58
4782,2140,21,1,1779.85
4783,2140,26,1,1862.27
4784,2141,65,1,123.0
4785,2141,54,1,1405.97
4786,2142,43,3,2749.53
4787,2143,22,1,2169.97
4788,2144,74,1,1567.58
4789,2145,47,1,3108.59
4790,2146,78,1,1459.96
4791,2147,76,1,379.36
4792,2147,1,1,1309.95
4793,2147,61,1,206.76
4794,2147,81,3,1532.57
4795,2148,22,1,2169.97
4796,2149,31,2,538.06
4797,2150,85,1,1551.88
4798,2150,43,2,2749.53
4799,2151,49,1,3240.94
4800,2151,2,1,1977.49
4801,2152,40,1,1943.3
4802,2152,4,2,3272.86
4803,2152,33,2,950.19
4804,2153,49,1,3240.94
4805,2154,13,2,2526.59
4806,2154,81,2,1532.57
4807,2155,71,1,2501.52
4808,2155,65,1,123.0
4809,2156,41,2,52.79
4810,2157,52,1,3365.81
4811,2158,23,3,2165.39
4812,2158,1,1,1309.95
4813,2159,80,1,955.74
4814,2159,12,1,2786.41
4815,2160,23,4,2165.39
4816,2161,79,2,2010.32
4817,2162,4,1,3272.86
4818,2162,17,1,3309.15
4819,2162,79,2,2010.32
4820,2163,65,1,123.0
4821,2163,68,3,1522.73
4822,2163,59,1,3459.8
4823,2163,57,1,3139.81
4824,2164,12,2,2786.41
4825,2164,54,1,1405.97
4826,2164,83,1,2165.91
4827,2164,51,4,3252.01
4828,2165,29,2,2825.36
4829,2165,56,1,2924.48
4830,2166,60,1,1762.66
4831,2166,56,2,2924.48
4832,2167,6,1,1167.83
4833,2167,63,1,2696.04
4834,2168,77,1,2101.09
4835,2168,13,1,2526.59
4836,2168,9,3,915.4
4837,2169,3,1,527.71
4838,2170,33,4,950.19
4839,2171,88,1,2438.35
4840,2172,47,2,3108.59
4841,2172,69,2,2319.04
4842,2173,38,1,3006.5
4843,2174,37,-1,2970.48
4844,2175,90,2,3263.49
4845,2175,75,1,672.02
4846,2175,70,1,2172.68
4847,2175,35,2,1986.11
4848,2176,26,1,1862.27
4849,2176,61,1,206.76
4850,2176,60,1,1762.66
4851,2176,17,1,3309.15
4852,2176,46,1,755.63
4853,2177,66,1,3474.1
4854,2177,2,1,1977.49
4855,2178,71,3,2501.52
4856,2179,87,1,1113.26
4857,2179,44,2,3005.6
4858,2179,70,1,2172.68
4859,2180,31,1,538.06
4860,2181,74,1,1567.58
4861,2181,33,1,950.19
4862,2182,90,1,3263.49
4863,2182,26,1,1862.27
4864,2183,52,2,3365.81
4865,2184,80,1,955.74
4866,2185,82,2,895.82
4867,2185,5,2,1473.07
4868,2186,60,1,1762.66
4869,2186,66,4,3474.1
4870,2187,46,3,755.63
4871,2187,10,2,3383.35
4872,2188,67,1,1258.12
4873,2188,77,1,2101.09
4874,2189,72,1,556.59
4875,2189,30,2,392.32
4876,2190,64,2,1400.43
4877,2190,2,0,1977.49
4878,2190,28,1,2849.69
4879,2190,56,1,2924.48
4880,2191,14,1,3210.71
4881,2191,10,1,3383.35
4882,2191,67,2,1258.12
4883,2192,78,3,1459.96
4884,2192,77,1,2101.09
4885,2192,84,4,3321.81
4886,2192,18,1,2679.8
4887,2192,5,1,1473.07
4888,2193,2,1,1977.49
4889,2193,31,1,538.06
4890,2193,60,3,1762.66
4891,2194,26,1,1862.27
4892,2194,55,1,585.23
4893,2195,60,3,1762.66
4894,2195,68,1,1522.73
4895,2196,26,1,1862.27
4896,2196,52,2,3365.81
4897,2197,47,1,3108.59
4898,2198,15,2,2253.4
4899,2198,73,1,1375.78
4900,2198,53,3,2637.75
4901,2198,14,1,3210.71
4902,2198,46,1,755.63
4903,2199,59,2,3459.8
4904,2200,76,3,379.36
4905,2200,30,1,392.32
4906,2200,71,1,2501.52
4907,2200,31,1,538.06
4908,2200,9,1,915.4
4909,2201,55,2,585.23
4910,2201,30,1,392.32
4911,2201,35,3,1986.11
4912,2201,31,2,538.06
4913,2202,49,2,3240.94
4914,2203,75,1,672.02
4915,2203,76,2,379.36
4916,2204,19,1,2951.96
4917,2204,66,2,3474.1
4918,2204,12,2,2786.41
4919,2204,55,3,585.23
4920,2205,28,2,2849.69
4921,2205,32,2,1851.97
4922,2206,63,1,2696.04
4923,2206,28,4,2849.69
4924,2207,80,4,955.74
4925,2208,33,1,950.19
4926,2208,18,1,2679.8
4927,2208,72,1,556.59
4928,2208,1,1,1309.95
4929,2208,57,1,3139.81
4930,2209,74,1,1567.58
4931,2209,35,1,1986.11
4932,2210,22,1,2169.97
4933,2211,85,4,1551.88
4934,2211,2,2,1977.49
4935,2211,44,1,3005.6
4936,2212,90,1,3263.49
4937,2212,18,2,2679.8
4938,2212,12,1,2786.41
4939,2213,42,4,1759.41
4940,2214,74,2,1567.58
4941,2215,23,3,2165.39
4942,2216,32,1,1851.97
4943,2216,57,1,3139.81
4944,2217,67,1,1258.12
4945,2218,35,1,1986.11
4946,2218,31,2,538.06
4947,2218,58,3,2649.42
4948,2219,62,1,2938.49
4949,2219,35,1,1986.11
4950,2220,8,2,2297.94
4951,2220,13,4,2526.59
4952,2220,56,1,2924.48
4953,2220,59,1,3459.8
4954,2220,35,2,1986.11
4955,2221,55,1,585.23
4956,2221,21,1,1779.85
4957,2222,74,1,1567.58
4958,2222,61,4,206.76
4959,2223,8,3,2297.94
4960,2223,28,1,2849.69
4961,2223,56,1,2924.48
4962,2224,88,1,2438.35
4963,2224,86,1,1065.41
4964,2225,4,1,3272.86
4965,2226,67,3,1258.12
4966,2227,8,3,2297.94
4967,2227,26,3,1862.27
4968,2228,37,2,2970.48
4969,2229,2,2,1977.49
4970,2229,66,1,3474.1
4971,2230,51,2,3252.01
4972,2231,37,1,2970.48
4973,2231,76,2,379.36
4974,2232,65,1,123.0
4975,2233,23,2,2165.39
4976,2233,79,2,2010.32
4977,2233,77,1,2101.09
4978,2234,10,1,3383.35
4979,2234,52,4,3365.81
4980,2234,90,1,3263.49
4981,2234,28,0,2849.69
4982,2235,48,3,181.94
4983,2235,6,1,1167.83
4984,2236,83,1,2165.91
4985,2237,23,1,2165.39
4986,2238,57,2,3139.81
4987,2239,41,1,52.79
4988,2240,57,1,3139.81
4989,2240,52,1,3365.81
4990,2241,74,1,1567.58
4991,2241,3,1,527.71
4992,2241,29,1,2825.36
4993,2242,82,1,895.82
4994,2242,90,1,3263.49
4995,2242,6,2,1167.83
4996,2243,48,2,181.94
4997,2243,81,1,1532.57
4998,2243,4,1,3272.86
4999,2244,41,1,52.79
5000,2244,37,1,2970.48
5001,2245,37,1,2970.48
5002,2245,2,1,1977.49
5003,2246,74,1,1567.58
5004,2247,42,2,1759.41
5005,2248,63,2,2696.04
5006,2248,18,3,2679.8
5007,2248,33,1,950.19
5008,2248,57,1,3139.81
5009,2248,55,1,585.23
5010,2249,52,2,3365.81
5011,2249,17,1,3309.15
5012,2250,53,1,2637.75
5013,2250,15,2,2253.4
5014,2251,62,1,2938.49
5015,2251,60,3,1762.66
5016,2252,58,1,2649.42
5017,2252,67,1,1258.12
5018,2253,36,1,805.88
5019,2254,72,1,556.59
5020,2254,34,2,1318.12
5021,2254,85,1,1551.88
5022,2255,57,1,3139.81
5023,2255,6,1,1167.83
5024,2255,73,2,1375.78
5025,2255,90,1,3263.49
5026,2256,84,1,3321.81
5027,2257,69,1,2319.04
5028,2258,82,4,895.82
5029,2259,84,1,3321.81
5030,2259,44,4,3005.6
5031,2260,56,1,2924.48
5032,2261,37,1,2970.48
5033,2261,3,1,527.71
5034,2261,49,2,3240.94
5035,2262,3,4,527.71
5036,2262,42,2,1759.41
5037,2262,15,1,2253.4
5038,2262,70,2,2172.68
5039,2263,71,2,2501.52
5040,2263,65,2,123.0
5041,2264,71,1,2501.52
5042,2264,66,1,3474.1
5043,2265,48,4,181.94
5044,2265,63,1,2696.04
5045,2266,68,1,1522.73
5046,2266,22,4,2169.97
5047,2267,69,2,2319.04
5048,2268,90,1,3263.49
5049,2268,23,1,2165.39
5050,2269,42,2,1759.41
5051,2269,13,4,2526.59
5052,2270,34,2,1318.12
5053,2270,8,1,2297.94
5054,2271,79,1,2010.32
5055,2272,86,1,1065.41
5056,2272,37,2,2970.48
5057,2273,39,1,345.28
5058,2274,16,1,137.61
5059,2275,84,1,3321.81
5060,2275,69,2,2319.04
5061,2276,48,1,181.94
5062,2276,44,1,3005.6
5063,2276,21,2,1779.85
5064,2277,54,1,1405.97
5065,2278,59,4,3459.8
5066,2278,87,3,1113.26
5067,2278,47,2,3108.59
5068,2279,36,1,805.88
5069,2279,68,2,1522.73
5070,2279,9,2,915.4
5071,2279,8,1,2297.94
5072,2279,47,1,3108.59
5073,2280,88,1,2438.35
5074,2280,14,2,3210.71
5075,2281,8,1,2297.94
5076,2281,6,1,1167.83
5077,2282,68,1,1522.73
5078,2282,1,3,1309.95
5079,2283,14,1,3210.71
5080,2283,63,1,2696.04
5081,2283,62,2,2938.49
5082,2284,84,3,3321.81
5083,2285,13,3,2526.59
5084,2285,69,1,2319.04
5085,2286,51,1,3252.01
5086,2287,34,1,1318.12
5087,2287,80,3,955.74
5088,2287,9,1,915.4
5089,2287,46,1,755.63
5090,2287,72,3,556.59
5091,2288,62,1,2938.49
5092,2288,86,1,1065.41
5093,2288,3,1,527.71
5094,2289,35,3,1986.11
5095,2289,37,1,2970.48
5096,2289,4,2,3272.86
5097,2289,86,2,1065.41
5098,2290,47,2,3108.59
5099,2290,41,2,52.79
5100,2291,15,1,2253.4
5101,2291,59,3,3459.8
5102,2291,79,1,2010.32
5103,2291,40,1,1943.3
5104,2291,33,1,950.19
5105,2292,64,2,1400.43
5106,2292,33,1,950.19
5107,2292,28,2,2849.69
5108,2292,15,1,2253.4
5109,2292,55,1,585.23
5110,2293,51,0,3252.01
5111,2293,53,2,2637.75
5112,2294,39,1,345.28
5113,2294,42,1,1759.41
5114,2295,62,1,2938.49
5115,2295,90,1,3263.49
5116,2296,4,1,3272.86
5117,2297,53,1,2637.75
5118,2298,53,3,2637.75
5119,2298,10,3,3383.35
5120,2299,26,1,1862.27
5121,2300,48,1,181.94
5122,2300,74,4,1567.58
5123,2300,89,1,1328.57
5124,2301,57,1,3139.81
5125,2301,40,2,1943.3
5126,2301,55,2,585.23
5127,2302,38,1,3006.5
5128,2302,64,1,1400.43
5129,2302,6,1,1167.83
5130,2302,72,1,556.59
5131,2303,78,2,1459.96
5132,2304,43,2,2749.53
5133,2304,77,2,2101.09
5134,2305,72,1,556.59
5135,2305,15,1,2253.4
5136,2305,69,1,2319.04
5137,2305,83,2,2165.91
5138,2306,16,1,137.61
5139,2307,49,2,3240.94
5140,2307,5,1,1473.07
5141,2307,77,2,2101.09
5142,2307,15,2,2253.4
5143,2308,82,1,895.82
5144,2308,5,1,1473.07
5145,2308,88,1,2438.35
5146,2309,18,4,2679.8
5147,2310,61,1,206.76
5148,2310,38,2,3006.5
5149,2310,19,3,2951.96
5150,2310,71,1,2501.52
5151,2310,15,2,2253.4
5152,2311,47,1,3108.59
5153,2311,83,1,2165.91
5154,2312,38,2,3006.5
5155,2313,16,1,137.61
5156,2313,60,3,1762.66
5157,2314,80,2,955.74
5158,2315,79,1,2010.32
5159,2315,57,1,3139.81
5160,2315,42,3,1759.41
5161,2315,90,1,3263.49
5162,2316,33,1,950.19
5163,2317,77,3,2101.09
5164,2317,69,3,2319.04
5165,2317,56,1,2924.48
5166,2317,37,3,2970.48
5167,2317,13,1,2526.59
5168,2318,71,1,2501.52
5169,2318,30,1,392.32
5170,2318,80,1,955.74
5171,2319,67,1,1258.12
5172,2319,72,1,556.59
5173,2319,74,1,1567.58
5174,2320,26,2,1862.27
5175,2320,54,2,1405.97
5176,2321,60,1,1762.66
5177,2322,37,1,2970.48
5178,2323,51,4,3252.01
5179,2323,49,2,3240.94
5180,2323,88,1,2438.35
5181,2324,65,1,123.0
5182,2325,42,1,1759.41
5183,2326,80,1,955.74
5184,2326,41,1,52.79
5185,2327,36,2,805.88
5186,2328,16,3,137.61
5187,2328,74,3,1567.58
5188,2328,62,1,2938.49
5189,2328,61,1,206.76
5190,2328,66,1,3474.1
5191,2329,8,1,2297.94
5192,2329,42,1,1759.41
5193,2329,1,1,1309.95
5194,2330,67,2,1258.12
5195,2330,86,1,1065.41
5196,2331,32,1,1851.97
5197,2332,53,3,2637.75
5198,2333,65,1,123.0
5199,2334,14,2,3210.71
5200,2335,41,1,52.79
5201,2336,29,1,2825.36
5202,2336,74,2,1567.58
5203,2336,34,2,1318.12
5204,2337,41,3,52.79
5205,2337,66,3,3474.1
5206,2337,48,1,181.94
5207,2338,67,3,1258.12
5208,2338,8,4,2297.94
5209,2339,49,1,3240.94
5210,2340,46,2,755.63
5211,2340,44,1,3005.6
5212,2340,59,1,3459.8
5213,2340,11,2,1727.17
5214,2340,60,2,1762.66
5215,2341,62,2,2938.49
5216,2341,32,1,1851.97
5217,2342,42,1,1759.41
5218,2342,88,1,2438.35
5219,2343,63,1,2696.04
5220,2343,26,4,1862.27
5221,2344,70,1,2172.68
5222,2344,69,2,2319.04
5223,2345,52,3,3365.81
5224,2345,42,1,1759.41
5225,2345,79,1,2010.32
5226,2345,86,2,1065.41
5227,2346,89,1,1328.57
5228,2346,16,2,137.61
5229,2347,8,1,2297.94
5230,2347,57,1,3139.81
5231,2348,6,1,1167.83
5232,2348,79,2,2010.32
5233,2348,57,-1,3139.81
5234,2348,63,2,2696.04
5235,2349,39,3,345.28
5236,2349,22,1,2169.97
5237,2349,26,2,1862.27
5238,2349,68,1,1522.73
5239,2350,73,1,1375.78
5240,2351,82,1,895.82
5241,2351,66,1,3474.1
5242,2352,35,3,1986.11
5243,2352,47,2,3108.59
5244,2352,34,1,1318.12
5245,2353,48,3,181.94
5246,2353,75,1,672.02
5247,2354,63,-1,2696.04
5248,2354,83,1,2165.91
5249,2355,4,1,3272.86
5250,2355,59,1,3459.8
5251,2355,11,3,1727.17
5252,2355,80,2,955.74
5253,2356,12,1,2786.41
5254,2356,65,1,123.0
5255,2357,36,1,805.88
5256,2357,7,1,2920.0
5257,2358,53,1,2637.75
5258,2358,47,1,3108.59
5259,2358,75,2,672.02
5260,2359,8,2,2297.94
5261,2360,43,1,2749.53
5262,2360,66,2,3474.1
5263,2360,56,1,2924.48
5264,2361,88,1,2438.35
5265,2361,84,3,3321.81
5266,2362,63,1,2696.04
5267,2363,5,1,1473.07
5268,2363,81,2,1532.57
5269,2364,8,1,2297.94
5270,2364,90,2,3263.49
5271,2364,57,2,3139.81
5272,2364,30,1,392.32
5273,2364,56,3,2924.48
5274,2365,43,2,2749.53
5275,2366,53,2,2637.75
5276,2366,30,2,392.32
5277,2366,67,1,1258.12
5278,2367,83,2,2165.91
5279,2367,46,1,755.63
5280,2367,81,1,1532.57
5281,2368,5,4,1473.07
5282,2368,67,3,1258.12
5283,2368,12,2,2786.41
5284,2369,28,1,2849.69
5285,2369,68,1,1522.73
5286,2369,2,2,1977.49
5287,2370,29,2,2825.36
5288,2370,67,1,1258.12
5289,2371,41,1,52.79
5290,2371,10,2,3383.35
5291,2371,53,1,2637.75
5292,2371,70,2,2172.68
5293,2372,59,1,3459.8
5294,2372,11,3,1727.17
5295,2373,54,1,1405.97
5296,2374,4,1,3272.86
5297,2374,62,1,2938.49
5298,2375,33,2,950.19
5299,2376,74,1,1567.58
5300,2376,85,1,1551.88
5301,2376,70,2,2172.68
5302,2376,14,3,3210.71
5303,2377,70,2,2172.68
5304,2377,39,1,345.28
5305,2377,59,1,3459.8
5306,2377,40,1,1943.3
5307,2378,7,1,2920.0
5308,2378,74,1,1567.58
5309,2378,76,2,379.36
5310,2379,49,2,3240.94
5311,2379,76,-1,379.36
5312,2379,15,1,2253.4
5313,2380,11,1,1727.17
5314,2380,82,2,895.82
5315,2381,56,2,2924.48
5316,2382,33,1,950.19
5317,2383,59,4,3459.8
5318,2383,34,3,1318.12
5319,2383,30,3,392.32
5320,2384,10,1,3383.35
5321,2385,88,1,2438.35
5322,2386,23,1,2165.39
5323,2387,67,1,1258.12
5324,2388,89,1,1328.57
5325,2388,79,3,2010.32
5326,2388,61,1,206.76
5327,2388,22,1,2169.97
5328,2389,81,1,1532.57
5329,2389,15,4,2253.4
5330,2389,84,1,3321.81
5331,2389,78,1,1459.96
5332,2389,12,1,2786.41
5333,2390,51,1,3252.01
5334,2390,90,2,3263.49
5335,2390,53,1,2637.75
5336,2391,9,1,915.4
5337,2391,62,1,2938.49
5338,2391,36,1,805.88
5339,2391,79,1,2010.32
5340,2391,46,1,755.63
5341,2392,10,2,3383.35
5342,2392,86,1,1065.41
5343,2392,11,1,1727.17
5344,2392,77,2,2101.09
5345,2393,6,3,1167.83
5346,2393,88,1,2438.35
5347,2393,4,2,3272.86
5348,2394,41,1,52.79
5349,2394,5,1,1473.07
5350,2395,67,4,1258.12
5351,2395,14,1,3210.71
5352,2396,59,3,3459.8
5353,2396,49,2,3240.94
5354,2396,35,1,1986.11
5355,2396,30,2,392.32
5356,2396,54,1,1405.97
5357,2397,16,1,137.61
5358,2398,87,2,1113.26
5359,2398,47,3,3108.59
5360,2399,66,3,3474.1
5361,2399,61,1,206.76
5362,2399,36,2,805.88
5363,2399,7,2,2920.0
5364,2399,82,1,895.82
5365,2400,48,2,181.94
5366,2400,2,4,1977.49
5367,2400,8,1,2297.94
5368,2401,4,1,3272.86
5369,2401,11,3,1727.17
5370,2401,3,1,527.71
5371,2401,63,1,2696.04
5372,2401,85,1,1551.88
5373,2402,61,1,206.76
5374,2402,70,1,2172.68
5375,2402,16,2,137.61
5376,2403,88,1,2438.35
5377,2404,5,2,1473.07
5378,2404,71,1,2501.52
5379,2405,1,2,1309.95
5380,2405,53,2,2637.75
5381,2405,30,1,392.32
5382,2406,4,2,3272.86
5383,2406,51,1,3252.01
5384,2406,11,1,1727.17
5385,2407,77,1,2101.09
5386,2408,73,1,1375.78
5387,2408,48,2,181.94
5388,2409,80,1,955.74
5389,2409,23,1,2165.39
5390,2409,44,2,3005.6
5391,2409,11,2,1727.17
5392,2409,33,1,950.19
5393,2410,71,2,2501.52
5394,2410,31,3,538.06
5395,2410,61,1,206.76
5396,2411,6,1,1167.83
5397,2411,58,1,2649.42
5398,2411,67,2,1258.12
5399,2412,1,1,1309.95
5400,2413,68,1,1522.73
5401,2413,17,2,3309.15
5402,2413,52,1,3365.81
5403,2413,2,1,1977.49
5404,2414,47,1,3108.59
5405,2414,74,1,1567.58
5406,2414,64,1,1400.43
5407,2414,21,1,1779.85
5408,2415,11,2,1727.17
5409,2415,54,3,1405.97
5410,2415,8,1,2297.94
5411,2416,61,1,206.76
5412,2416,15,1,2253.4
5413,2416,12,1,2786.41
5414,2417,90,1,3263.49
5415,2417,52,2,3365.81
5416,2418,77,1,2101.09
5417,2418,82,3,895.82
5418,2418,18,1,2679.8
5419,2418,17,1,3309.15
5420,2418,87,2,1113.26
5421,2419,90,3,3263.49
5422,2419,71,2,2501.52
5423,2419,6,1,1167.83
5424,2420,47,2,3108.59
5425,2421,33,1,950.19
5426,2422,89,2,1328.57
5427,2423,85,2,1551.88
5428,2423,87,1,1113.26
5429,2423,59,1,3459.8
5430,2423,58,1,2649.42
5431,2424,77,3,2101.09
5432,2425,23,1,2165.39
5433,2425,46,1,755.63
5434,2426,71,1,2501.52
5435,2426,64,1,1400.43
5436,2427,75,1,672.02
5437,2427,78,1,1459.96
5438,2427,14,2,3210.71
5439,2427,33,1,950.19
5440,2427,3,1,527.71
5441,2428,54,3,1405.97
5442,2428,63,1,2696.04
5443,2428,34,1,1318.12
5444,2428,15,1,2253.4
5445,2428,21,2,1779.85
5446,2429,88,1,2438.35
5447,2429,81,1,1532.57
5448,2429,44,1,3005.6
5449,2429,69,1,2319.04
5450,2430,49,2,3240.94
5451,2431,26,2,1862.27
5452,2431,55,1,585.23
5453,2431,11,1,1727.17
5454,2431,38,1,3006.5
5455,2432,51,2,3252.01
5456,2433,60,1,1762.66
5457,2433,83,1,2165.91
5458,2434,66,1,3474.1
5459,2434,78,1,1459.96
5460,2434,6,1,1167.83
5461,2434,37,1,2970.48
5462,2435,44,-1,3005.6
5463,2435,26,1,1862.27
5464,2435,67,1,1258.12
5465,2436,23,1,2165.39
5466,2437,47,1,3108.59
5467,2438,62,2,2938.49
5468,2439,16,3,137.61
5469,2440,52,3,3365.81
5470,2440,39,2,345.28
5471,2441,58,3,2649.42
5472,2442,89,1,1328.57
5473,2442,74,1,1567.58
5474,2442,26,1,1862.27
5475,2442,2,1,1977.49
5476,2443,36,1,805.88
5477,2443,21,3,1779.85
5478,2443,59,1,3459.8
5479,2443,67,1,1258.12
5480,2443,22,2,2169.97
5481,2444,42,1,1759.41
5482,2444,56,2,2924.48
5483,2445,80,1,955.74
5484,2446,69,1,2319.04
5485,2447,58,1,2649.42
5486,2447,59,-1,3459.8
5487,2447,71,1,2501.52
5488,2448,28,1,2849.69
5489,2448,5,3,1473.07
5490,2449,83,1,2165.91
5491,2449,2,3,1977.49
5492,2450,14,2,3210.71
5493,2451,3,1,527.71
5494,2452,61,1,206.76
5495,2453,74,2,1567.58
5496,2454,29,1,2825.36
5497,2454,10,3,3383.35
5498,2454,15,1,2253.4
5499,2454,52,1,3365.81
5500,2455,11,2,1727.17
5501,2455,3,1,527.71
5502,2456,52,1,3365.81
5503,2456,8,1,2297.94
5504,2456,42,1,1759.41
5505,2457,17,3,3309.15
5506,2457,19,1,2951.96
5507,2458,61,1,206.76
5508,2458,89,1,1328.57
5509,2458,13,1,2526.59
5510,2458,36,3,805.88
5511,2459,3,3,527.71
5512,2459,57,1,3139.81
5513,2459,18,2,2679.8
5514,2459,85,4,1551.88
5515,2460,75,1,672.02
5516,2461,22,1,2169.97
5517,2461,15,1,2253.4
5518,2462,65,2,123.0
5519,2462,11,1,1727.17
5520,2462,40,3,1943.3
5521,2463,57,1,3139.81
5522,2463,26,2,1862.27
5523,2463,6,1,1167.83
5524,2463,68,3,1522.73
5525,2464,23,1,2165.39
5526,2465,31,1,538.06
5527,2466,47,1,3108.59
5528,2467,36,2,805.88
5529,2467,77,1,2101.09
5530,2467,42,1,1759.41
5531,2467,69,1,2319.04
5532,2468,87,2,1113.26
5533,2469,32,4,1851.97
5534,2469,58,1,2649.42
5535,2469,59,1,3459.8
5536,2470,49,1,3240.94
5537,2471,70,2,2172.68
5538,2472,29,1,2825.36
5539,2473,34,1,1318.12
5540,2473,53,1,2637.75
5541,2473,82,1,895.82
5542,2473,71,1,2501.52
5543,2474,4,1,3272.86
5544,2475,1,2,1309.95
5545,2476,79,1,2010.32
5546,2477,56,1,2924.48
5547,2478,42,3,1759.41
5548,2478,7,-1,2920.0
5549,2479,84,1,3321.81
5550,2479,81,2,1532.57
5551,2480,88,1,2438.35
5552,2480,80,1,955.74
5553,2481,59,2,3459.8
5554,2481,63,1,2696.04
5555,2481,34,1,1318.12
5556,2482,38,1,3006.5
5557,2482,15,1,2253.4
5558,2483,13,1,2526.59
5559,2483,7,1,2920.0
5560,2484,53,2,2637.75
5561,2484,64,1,1400.43
5562,2484,63,1,2696.04
5563,2484,41,2,52.79
5564,2484,11,2,1727.17
5565,2485,51,4,3252.01
5566,2485,22,1,2169.97
5567,2485,57,2,3139.81
5568,2486,15,3,2253.4
5569,2486,58,4,2649.42
5570,2486,77,4,2101.09
5571,2487,15,2,2253.4
5572,2487,22,4,2169.97
5573,2487,42,4,1759.41
5574,2488,63,1,2696.04
5575,2488,10,2,3383.35
5576,2488,67,1,1258.12
5577,2488,38,1,3006.5
5578,2488,12,1,2786.41
5579,2489,16,2,137.61
5580,2490,12,1,2786.41
5581,2490,66,1,3474.1
5582,2490,4,1,3272.86
5583,2490,56,1,2924.48
5584,2491,12,1,2786.41
5585,2491,65,1,123.0
5586,2491,22,1,2169.97
5587,2492,79,1,2010.32
5588,2493,42,2,1759.41
5589,2493,17,1,3309.15
5590,2493,58,3,2649.42
5591,2493,8,1,2297.94
5592,2494,43,1,2749.53
5593,2494,9,1,915.4
5594,2494,16,1,137.61
5595,2495,17,4,3309.15
5596,2495,34,1,1318.12
5597,2496,11,1,1727.17
5598,2496,61,1,206.76
5599,2496,72,1,556.59
5600,2497,21,1,1779.85
5601,2498,9,2,915.4
5602,2499,34,1,1318.12
5603,2500,2,2,1977.49
5604,2500,62,1,2938.49
5605,2500,5,3,1473.07
5606,2501,89,1,1328.57
5607,2501,42,3,1759.41
5608,2501,61,2,206.76
5609,2501,35,1,1986.11
5610,2501,87,2,1113.26
5611,2502,15,2,2253.4
5612,2502,78,4,1459.96
5613,2503,40,2,1943.3
5614,2504,33,1,950.19
5615,2505,62,1,2938.49
5616,2505,84,1,3321.81
5617,2506,10,0,3383.35
5618,2506,68,1,1522.73
5619,2506,46,2,755.63
5620,2506,7,2,2920.0
5621,2507,3,2,527.71
5622,2508,52,1,3365.81
5623,2509,74,1,1567.58
5624,2509,39,1,345.28
5625,2510,84,1,3321.81
5626,2510,88,1,2438.35
5627,2510,26,3,1862.27
5628,2510,41,2,52.79
5629,2511,69,1,2319.04
5630,2512,75,1,672.02
5631,2512,90,1,3263.49
5632,2513,65,2,123.0
5633,2513,81,1,1532.57
5634,2513,48,1,181.94
5635,2514,69,1,2319.04
5636,2515,73,1,1375.78
5637,2515,51,2,3252.01
5638,2515,61,1,206.76
5639,2515,16,2,137.61
5640,2516,30,1,392.32
5641,2517,28,1,2849.69
5642,2517,13,1,2526.59
5643,2517,44,3,3005.6
5644,2517,21,1,1779.85
5645,2518,41,1,52.79
5646,2518,19,1,2951.96
5647,2518,49,2,3240.94
5648,2519,89,2,1328.57
5649,2519,1,1,1309.95
5650,2519,80,2,955.74
5651,2519,53,1,2637.75
5652,2519,52,2,3365.81
5653,2520,21,1,1779.85
5654,2521,10,1,3383.35
5655,2521,17,2,3309.15
5656,2521,81,1,1532.57
5657,2521,21,1,1779.85
5658,2521,11,1,1727.17
5659,2522,38,1,3006.5
5660,2523,14,1,3210.71
5661,2523,23,1,2165.39
5662,2523,32,3,1851.97
5663,2524,67,1,1258.12
5664,2524,8,2,2297.94
5665,2524,80,1,955.74
5666,2525,73,1,1375.78
5667,2525,31,4,538.06
5668,2525,68,3,1522.73
5669,2525,86,1,1065.41
5670,2526,83,1,2165.91
5671,2526,31,2,538.06
5672,2527,83,1,2165.91
5673,2528,63,2,2696.04
5674,2529,76,1,379.36
5675,2529,16,1,137.61
5676,2529,13,1,2526.59
5677,2530,63,3,2696.04
5678,2531,34,3,1318.12
5679,2532,31,3,538.06
5680,2533,72,1,556.59
5681,2534,34,1,1318.12
5682,2534,73,2,1375.78
5683,2534,47,1,3108.59
5684,2535,49,1,3240.94
5685,2536,54,1,1405.97
5686,2537,5,1,1473.07
5687,2538,70,3,2172.68
5688,2538,8,1,2297.94
5689,2538,89,1,1328.57
5690,2539,12,4,2786.41
5691,2539,14,1,3210.71
5692,2540,15,1,2253.4
5693,2540,29,1,2825.36
5694,2541,32,2,1851.97
5695,2541,69,1,2319.04
5696,2541,80,1,955.74
5697,2542,54,1,1405.97
5698,2542,73,1,1375.78
5699,2542,17,4,3309.15
5700,2542,6,1,1167.83
5701,2542,68,3,1522.73
5702,2543,61,3,206.76
5703,2544,48,1,181.94
5704,2544,33,1,950.19
5705,2545,22,1,2169.97
5706,2545,5,2,1473.07
5707,2545,86,2,1065.41
5708,2546,75,1,672.02
5709,2547,38,1,3006.5
5710,2547,40,4,1943.3
5711,2547,47,2,3108.59
5712,2547,62,2,2938.49
5713,2548,46,1,755.63
5714,2549,54,2,1405.97
5715,2549,47,1,3108.59
5716,2549,60,1,1762.66
5717,2549,68,1,1522.73
5718,2550,5,1,1473.07
5719,2550,4,2,3272.86
5720,2550,10,1,3383.35
5721,2551,68,1,1522.73
5722,2551,3,2,527.71
5723,2552,37,1,2970.48
5724,2553,42,2,1759.41
5725,2554,56,2,2924.48
5726,2554,74,4,1567.58
5727,2555,3,4,527.71
5728,2555,41,2,52.79
5729,2556,63,1,2696.04
5730,2557,67,2,1258.12
5731,2558,14,2,3210.71
5732,2559,8,1,2297.94
5733,2559,78,1,1459.96
5734,2559,16,1,137.61
5735,2560,10,1,3383.35
5736,2560,87,3,1113.26
5737,2561,29,1,2825.36
5738,2561,13,1,2526.59
5739,2561,87,2,1113.26
5740,2562,22,1,2169.97
5741,2562,53,1,2637.75
5742,2563,60,1,1762.66
5743,2563,41,1,52.79
5744,2564,11,1,1727.17
5745,2564,76,1,379.36
5746,2564,34,2,1318.12
5747,2565,40,2,1943.3
5748,2566,81,1,1532.57
5749,2567,39,3,345.28
5750,2567,43,1,2749.53
5751,2567,74,1,1567.58
5752,2568,35,2,1986.11
5753,2568,81,2,1532.57
5754,2568,21,1,1779.85
5755,2568,89,1,1328.57
5756,2569,68,2,1522.73
5757,2569,60,1,1762.66
5758,2570,40,3,1943.3
5759,2571,65,2,123.0
5760,2571,16,1,137.61
5761,2571,61,1,206.76
5762,2571,17,4,3309.15
5763,2572,16,2,137.61
5764,2573,17,2,3309.15
5765,2573,49,1,3240.94
5766,2573,80,2,955.74
5767,2573,90,1,3263.49
5768,2574,15,1,2253.4
5769,2575,32,2,1851.97
5770,2575,82,1,895.82
5771,2575,90,3,3263.49
5772,2576,15,2,2253.4
5773,2576,39,1,345.28
5774,2576,5,1,1473.07
5775,2576,52,4,3365.81
5776,2577,41,2,52.79
5777,2577,37,2,2970.48
5778,2578,47,1,3108.59
5779,2579,39,1,345.28
5780,2579,77,1,2101.09
5781,2580,59,-1,3459.8
5782,2580,31,1,538.06
5783,2580,35,1,1986.11
5784,2580,49,1,3240.94
5785,2580,39,1,345.28
5786,2581,80,2,955.74
5787,2581,47,1,3108.59
5788,2582,22,1,2169.97
5789,2582,89,2,1328.57
5790,2582,61,2,206.76
5791,2582,58,1,2649.42
5792,2582,3,1,527.71
5793,2583,41,2,52.79
5794,2583,30,4,392.32
5795,2584,33,1,950.19
5796,2584,68,2,1522.73
5797,2585,41,1,52.79
5798,2586,61,1,206.76
5799,2587,49,1,3240.94
5800,2587,84,2,3321.81
5801,2587,26,2,1862.27
5802,2588,31,1,538.06
5803,2588,7,1,2920.0
5804,2589,81,1,1532.57
5805,2589,3,1,527.71
5806,2589,19,4,2951.96
5807,2590,40,-1,1943.3
5808,2590,86,2,1065.41
5809,2590,41,3,52.79
5810,2591,43,3,2749.53
5811,2591,60,1,1762.66
5812,2592,83,1,2165.91
5813,2592,13,1,2526.59
5814,2593,29,2,2825.36
5815,2594,84,1,3321.81
5816,2594,56,3,2924.48
5817,2594,62,1,2938.49
5818,2594,89,2,1328.57
5819,2594,81,3,1532.57
5820,2595,43,1,2749.53
5821,2595,56,1,2924.48
5822,2596,36,1,805.88
5823,2597,18,4,2679.8
5824,2597,11,2,1727.17
5825,2598,48,1,181.94
5826,2598,52,1,3365.81
5827,2598,30,2,392.32
5828,2598,22,2,2169.97
5829,2598,61,1,206.76
5830,2599,69,3,2319.04
5831,2599,82,3,895.82
5832,2600,23,3,2165.39
5833,2601,68,1,1522.73
5834,2601,37,3,2970.48
5835,2602,23,1,2165.39
5836,2602,83,2,2165.91
5837,2603,46,1,755.63
5838,2604,41,1,52.79
5839,2605,79,1,2010.32
5840,2605,9,1,915.4
5841,2605,18,1,2679.8
5842,2606,74,1,1567.58
5843,2606,13,2,2526.59
5844,2607,31,3,538.06
5845,2608,72,1,556.59
5846,2608,43,4,2749.53
5847,2608,54,1,1405.97
5848,2609,9,1,915.4
5849,2609,66,4,3474.1
5850,2609,40,4,1943.3
5851,2610,14,2,3210.71
5852,2611,35,1,1986.11
5853,2611,83,1,2165.91
5854,2612,42,1,1759.41
5855,2612,79,2,2010.32
5856,2612,23,3,2165.39
5857,2613,38,1,3006.5
5858,2613,2,1,1977.49
5859,2613,1,2,1309.95
5860,2614,90,1,3263.49
5861,2615,6,2,1167.83
5862,2616,4,1,3272.86
5863,2616,5,2,1473.07
5864,2616,43,2,2749.53
5865,2616,49,1,3240.94
5866,2617,21,1,1779.85
5867,2618,70,1,2172.68
5868,2618,69,1,2319.04
5869,2618,84,3,3321.81
5870,2618,62,1,2938.49
5871,2619,58,3,2649.42
5872,2620,71,1,2501.52
5873,2620,60,1,1762.66
5874,2620,15,1,2253.4
5875,2620,69,2,2319.04
5876,2621,54,1,1405.97
5877,2621,78,1,1459.96
5878,2622,6,1,1167.83
5879,2622,78,3,1459.96
5880,2622,23,1,2165.39
5881,2622,58,1,2649.42
5882,2623,38,2,3006.5
5883,2624,75,1,672.02
5884,2625,16,1,137.61
5885,2626,26,3,1862.27
5886,2626,59,1,3459.8
5887,2626,72,1,556.59
5888,2626,37,1,2970.48
5889,2626,86,3,1065.41
5890,2627,11,1,1727.17
5891,2627,63,1,2696.04
5892,2627,90,1,3263.49
5893,2628,83,2,2165.91
5894,2628,90,1,3263.49
5895,2628,66,1,3474.1
5896,2628,57,1,3139.81
5897,2628,59,1,3459.8
5898,2629,15,1,2253.4
5899,2629,75,1,672.02
5900,2629,1,1,1309.95
5901,2630,74,1,1567.58
5902,2630,87,2,1113.26
5903,2631,84,1,3321.81
5904,2631,22,1,2169.97
5905,2631,26,1,1862.27
5906,2632,22,1,2169.97
5907,2633,33,1,950.19
5908,2633,30,3,392.32
5909,2634,80,1,955.74
5910,2634,14,1,3210.71
5911,2634,23,1,2165.39
5912,2634,6,1,1167.83
5913,2635,26,2,1862.27
5914,2636,8,1,2297.94
5915,2636,75,3,672.02
5916,2636,32,1,1851.97
5917,2637,58,2,2649.42
5918,2637,90,1,3263.49
5919,2637,23,1,2165.39
5920,2638,86,1,1065.41
5921,2638,14,3,3210.71
5922,2639,80,3,955.74
5923,2639,58,1,2649.42
5924,2640,7,2,2920.0
5925,2640,17,3,3309.15
5926,2641,86,1,1065.41
5927,2641,19,1,2951.96
5928,2641,26,3,1862.27
5929,2642,63,1,2696.04
5930,2643,70,2,2172.68
5931,2643,13,1,2526.59
5932,2643,75,-1,672.02
5933,2643,30,1,392.32
5934,2644,79,1,2010.32
5935,2644,34,2,1318.12
5936,2644,4,2,3272.86
5937,2644,1,2,1309.95
5938,2645,56,1,2924.48
5939,2645,40,1,1943.3
5940,2645,79,3,2010.32
5941,2645,36,2,805.88
5942,2646,8,1,2297.94
5943,2646,38,1,3006.5
5944,2646,67,2,1258.12
5945,2647,1,3,1309.95
5946,2647,7,4,2920.0
5947,2647,47,1,3108.59
5948,2647,87,3,1113.26
5949,2647,16,1,137.61
5950,2648,22,1,2169.97
5951,2649,46,1,755.63
5952,2650,53,1,2637.75
5953,2650,10,1,3383.35
5954,2650,46,2,755.63
5955,2650,54,1,1405.97
5956,2650,8,2,2297.94
5957,2651,86,2,1065.41
5958,2652,72,1,556.59
5959,2653,1,1,1309.95
5960,2654,54,1,1405.97
5961,2654,9,2,915.4
5962,2654,48,2,181.94
5963,2655,55,1,585.23
5964,2656,72,2,556.59
5965,2656,66,1,3474.1
5966,2657,84,1,3321.81
5967,2657,7,1,2920.0
5968,2657,55,1,585.23
5969,2657,53,1,2637.75
5970,2658,18,1,2679.8
5971,2658,89,1,1328.57
5972,2659,29,1,2825.36
5973,2659,62,1,2938.49
5974,2660,46,2,755.63
5975,2661,77,1,2101.09
5976,2661,16,3,137.61
5977,2661,54,1,1405.97
5978,2661,5,4,1473.07
5979,2661,76,2,379.36
5980,2662,6,0,1167.83
5981,2663,73,2,1375.78
5982,2663,74,0,1567.58
5983,2663,87,1,1113.26
5984,2664,3,1,527.71
5985,2665,76,1,379.36
5986,2665,62,1,2938.49
5987,2665,55,1,585.23
5988,2666,71,2,2501.52
5989,2667,52,4,3365.81
5990,2667,31,1,538.06
5991,2668,6,1,1167.83
5992,2669,70,1,2172.68
5993,2670,57,1,3139.81
5994,2670,18,2,2679.8
5995,2671,58,1,2649.42
5996,2671,65,3,123.0
5997,2671,74,1,1567.58
5998,2671,26,1,1862.27
5999,2672,74,1,1567.58
6000,2672,9,2,915.4
6001,2672,22,1,2169.97
6002,2673,3,1,527.71
6003,2673,61,1,206.76
6004,2674,85,2,1551.88
6005,2675,16,1,137.61
6006,2676,1,1,1309.95
6007,2676,86,3,1065.41
6008,2677,6,3,1167.83
6009,2677,39,1,345.28
6010,2678,65,1,123.0
6011,2678,88,1,2438.35
6012,2679,61,2,206.76
6013,2680,84,2,3321.81
6014,2680,80,1,955.74
6015,2680,67,1,1258.12
6016,2680,88,1,2438.35
6017,2681,35,1,1986.11
6018,2682,3,4,527.71
6019,2682,41,2,52.79
6020,2683,87,2,1113.26
6021,2684,16,1,137.61
6022,2684,68,1,1522.73
6023,2684,49,4,3240.94
6024,2685,76,1,379.36
6025,2685,22,1,2169.97
6026,2686,18,1,2679.8
6027,2686,5,3,1473.07
6028,2687,37,1,2970.48
6029,2687,2,4,1977.49
6030,2687,15,1,2253.4
6031,2687,48,1,181.94
6032,2688,46,2,755.63
6033,2688,49,1,3240.94
6034,2689,85,1,1551.88
6035,2689,26,1,1862.27
6036,2690,39,1,345.28
6037,2690,6,1,1167.83
6038,2691,63,1,2696.04
6039,2691,34,1,1318.12
6040,2692,75,1,672.02
6041,2692,84,2,3321.81
6042,2692,74,2,1567.58
6043,2693,62,1,2938.49
6044,2693,12,1,2786.41
6045,2694,44,1,3005.6
6046,2694,30,2,392.32
6047,2695,68,-1,1522.73
6048,2695,34,1,1318.12
6049,2696,41,2,52.79
6050,2696,56,2,2924.48
6051,2697,11,1,1727.17
6052,2697,1,1,1309.95
6053,2698,44,3,3005.6
6054,2699,73,3,1375.78
6055,2699,39,2,345.28
6056,2700,22,1,2169.97
6057,2700,1,1,1309.95
6058,2700,89,1,1328.57
6059,2701,30,1,392.32
6060,2701,8,2,2297.94
6061,2701,70,1,2172.68
6062,2701,22,2,2169.97
6063,2701,14,1,3210.71
6064,2702,70,1,2172.68
6065,2702,12,1,2786.41
6066,2702,32,1,1851.97
6067,2702,37,1,2970.48
6068,2703,80,2,955.74
6069,2704,62,2,2938.49
6070,2705,41,1,52.79
6071,2705,70,1,2172.68
6072,2705,69,1,2319.04
6073,2705,38,2,3006.5
6074,2705,11,4,1727.17
6075,2706,88,1,2438.35
6076,2706,78,3,1459.96
6077,2707,51,3,3252.01
6078,2708,7,3,2920.0
6079,2708,13,1,2526.59
6080,2708,58,1,2649.42
6081,2709,65,1,123.0
6082,2709,40,4,1943.3
6083,2709,42,1,1759.41
6084,2709,89,1,1328.57
6085,2709,41,3,52.79
6086,2710,7,1,2920.0
6087,2710,42,2,1759.41
6088,2710,67,3,1258.12
6089,2710,65,2,123.0
6090,2711,42,2,1759.41
6091,2711,14,2,3210.71
6092,2711,79,3,2010.32
6093,2712,42,2,1759.41
6094,2712,26,1,1862.27
6095,2713,17,1,3309.15
6096,2714,67,-1,1258.12
6097,2714,7,1,2920.0
6098,2714,28,1,2849.69
6099,2714,41,2,52.79
6100,2714,73,1,1375.78
6101,2715,15,1,2253.4
6102,2715,90,1,3263.49
6103,2716,66,2,3474.1
6104,2716,4,2,3272.86
6105,2716,72,2,556.59
6106,2717,47,3,3108.59
6107,2718,86,4,1065.41
6108,2718,3,1,527.71
6109,2718,67,1,1258.12
6110,2718,31,1,538.06
6111,2719,72,1,556.59
6112,2720,71,4,2501.52
6113,2720,81,1,1532.57
6114,2720,32,1,1851.97
6115,2720,66,3,3474.1
6116,2720,88,2,2438.35
6117,2721,63,1,2696.04
6118,2722,30,-1,392.32
6119,2722,17,2,3309.15
6120,2722,61,2,206.76
6121,2722,48,1,181.94
6122,2723,84,3,3321.81
6123,2724,90,1,3263.49
6124,2725,14,1,3210.71
6125,2725,73,1,1375.78
6126,2726,71,4,2501.52
6127,2726,53,1,2637.75
6128,2726,64,2,1400.43
6129,2727,52,1,3365.81
6130,2727,14,1,3210.71
6131,2728,76,2,379.36
6132,2728,70,1,2172.68
6133,2728,13,4,2526.59
6134,2728,53,3,2637.75
6135,2729,70,3,2172.68
6136,2729,48,2,181.94
6137,2730,87,1,1113.26
6138,2730,7,2,2920.0
6139,2731,44,2,3005.6
6140,2731,85,2,1551.88
6141,2732,1,1,1309.95
6142,2733,90,3,3263.49
6143,2733,7,1,2920.0
6144,2734,70,1,2172.68
6145,2734,56,2,2924.48
6146,2734,83,2,2165.91
6147,2734,31,3,538.06
6148,2735,26,2,1862.27
6149,2735,57,1,3139.81
6150,2735,72,3,556.59
6151,2736,75,3,672.02
6152,2736,69,1,2319.04
6153,2736,18,2,2679.8
6154,2737,84,1,3321.81
6155,2738,55,4,585.23
6156,2738,39,4,345.28
6157,2738,46,1,755.63
6158,2739,1,3,1309.95
6159,2739,80,1,955.74
6160,2740,64,-1,1400.43
6161,2740,34,1,1318.12
6162,2740,88,3,2438.35
6163,2740,59,1,3459.8
6164,2741,75,1,672.02
6165,2742,14,1,3210.71
6166,2742,40,1,1943.3
6167,2743,58,2,2649.42
6168,2743,65,4,123.0
6169,2744,39,4,345.28
6170,2745,54,1,1405.97
6171,2745,49,1,3240.94
6172,2746,57,2,3139.81
6173,2746,53,1,2637.75
6174,2746,65,1,123.0
6175,2746,29,1,2825.36
6176,2747,21,1,1779.85
6177,2747,35,3,1986.11
6178,2747,36,2,805.88
6179,2748,60,2,1762.66
6180,2748,13,1,2526.59
6181,2749,2,1,1977.49
6182,2749,47,4,3108.59
6183,2749,31,1,538.06
6184,2749,42,1,1759.41
6185,2750,55,3,585.23
6186,2750,15,3,2253.4
6187,2750,52,1,3365.81
6188,2751,65,1,123.0
6189,2751,8,1,2297.94
6190,2752,67,2,1258.12
6191,2752,63,1,2696.04
6192,2752,84,1,3321.81
6193,2752,62,2,2938.49
6194,2753,60,2,1762.66
6195,2754,69,1,2319.04
6196,2755,76,1,379.36
6197,2755,72,1,556.59
6198,2755,71,1,2501.52
6199,2755,21,2,1779.85
6200,2756,28,1,2849.69
6201,2756,34,3,1318.12
6202,2756,2,2,1977.49
6203,2756,5,1,1473.07
6204,2757,32,3,1851.97
6205,2757,56,1,2924.48
6206,2757,64,1,1400.43
6207,2758,75,1,672.02
6208,2759,44,2,3005.6
6209,2759,84,1,3321.81
6210,2759,89,1,1328.57
6211,2759,16,1,137.61
6212,2760,79,1,2010.32
6213,2761,16,1,137.61
6214,2761,90,2,3263.49
6215,2761,85,1,1551.88
6216,2762,63,1,2696.04
6217,2763,38,1,3006.5
6218,2764,84,2,3321.81
6219,2765,12,4,2786.41
6220,2765,87,2,1113.26
6221,2766,86,1,1065.41
6222,2767,73,3,1375.78
6223,2767,10,1,3383.35
6224,2768,56,2,2924.48
6225,2768,13,2,2526.59
6226,2768,14,4,3210.71
6227,2768,68,3,1522.73
6228,2769,51,1,3252.01
6229,2769,77,1,2101.09
6230,2769,21,1,1779.85
6231,2770,26,1,1862.27
6232,2770,41,1,52.79
6233,2770,1,2,1309.95
6234,2771,78,2,1459.96
6235,2772,43,2,2749.53
6236,2773,85,3,1551.88
6237,2773,39,1,345.28
6238,2773,82,1,895.82
6239,2773,51,3,3252.01
6240,2773,71,1,2501.52
6241,2774,63,1,2696.04
6242,2774,69,2,2319.04
6243,2774,67,1,1258.12
6244,2774,8,2,2297.94
6245,2774,75,1,672.02
6246,2775,12,2,2786.41
6247,2775,35,1,1986.11
6248,2775,73,1,1375.78
6249,2776,54,2,1405.97
6250,2776,14,1,3210.71
6251,2776,31,4,538.06
6252,2777,71,2,2501.52
6253,2777,32,1,1851.97
6254,2778,33,1,950.19
6255,2778,19,1,2951.96
6256,2778,40,1,1943.3
6257,2779,62,0,2938.49
6258,2780,60,2,1762.66
6259,2781,73,1,1375.78
6260,2782,42,1,1759.41
6261,2782,6,1,1167.83
6262,2783,63,2,2696.04
6263,2784,61,2,206.76
6264,2784,22,1,2169.97
6265,2785,8,1,2297.94
6266,2786,30,4,392.32
6267,2786,11,1,1727.17
6268,2787,18,2,2679.8
6269,2788,13,3,2526.59
6270,2788,41,3,52.79
6271,2788,63,2,2696.04
6272,2788,68,2,1522.73
6273,2789,67,1,1258.12
6274,2789,2,2,1977.49
6275,2790,81,1,1532.57
6276,2791,33,2,950.19
6277,2791,85,2,1551.88
6278,2791,56,1,2924.48
6279,2792,41,1,52.79
6280,2793,23,1,2165.39
6281,2794,59,2,3459.8
6282,2794,37,1,2970.48
6283,2794,39,1,345.28
6284,2795,55,3,585.23
6285,2795,6,1,1167.83
6286,2796,10,1,3383.35
6287,2797,21,1,1779.85
6288,2797,85,4,1551.88
6289,2798,28,1,2849.69
6290,2799,36,1,805.88
6291,2799,60,1,1762.66
6292,2799,90,4,3263.49
6293,2800,81,2,1532.57
6294,2800,56,1,2924.48
6295,2801,1,3,1309.95
6296,2801,77,1,2101.09
6297,2802,1,1,1309.95
6298,2803,31,2,538.06
6299,2803,58,1,2649.42
6300,2803,4,4,3272.86
6301,2803,36,1,805.88
6302,2804,69,2,2319.04
6303,2804,18,3,2679.8
6304,2804,15,1,2253.4
6305,2805,33,1,950.19
6306,2805,10,1,3383.35
6307,2805,82,1,895.82
6308,2805,71,4,2501.52
6309,2806,55,1,585.23
6310,2806,72,4,556.59
6311,2806,38,1,3006.5
6312,2806,26,1,1862.27
6313,2806,16,1,137.61
6314,2807,56,1,2924.48
6315,2808,8,1,2297.94
6316,2809,15,2,2253.4
6317,2809,64,1,1400.43
6318,2810,74,3,1567.58
6319,2810,76,2,379.36
6320,2810,77,1,2101.09
6321,2810,12,1,2786.41
6322,2811,57,1,3139.81
6323,2812,33,3,950.19
6324,2812,13,3,2526.59
6325,2813,9,3,915.4
6326,2813,33,1,950.19
6327,2813,57,1,3139.81
6328,2814,79,2,2010.32
6329,2815,10,3,3383.35
6330,2816,35,1,1986.11
6331,2816,58,1,2649.42
6332,2817,53,0,2637.75
6333,2817,7,2,2920.0
6334,2817,80,1,955.74
6335,2818,58,2,2649.42
6336,2819,80,1,955.74
6337,2820,53,2,2637.75
6338,2821,17,1,3309.15
6339,2822,82,1,895.82
6340,2822,21,2,1779.85
6341,2822,42,2,1759.41
6342,2822,1,1,1309.95
6343,2823,33,1,950.19
6344,2823,73,2,1375.78
6345,2823,53,3,2637.75
6346,2824,43,1,2749.53
6347,2824,14,1,3210.71
6348,2824,57,1,3139.81
6349,2825,53,1,2637.75
6350,2826,88,3,2438.35
6351,2826,54,2,1405.97
6352,2827,41,1,52.79
6353,2827,89,2,1328.57
6354,2827,22,1,2169.97
6355,2827,8,1,2297.94
6356,2828,84,1,3321.81
6357,2828,1,1,1309.95
6358,2829,49,1,3240.94
6359,2830,66,2,3474.1
6360,2830,67,1,1258.12
6361,2831,19,2,2951.96
6362,2832,84,3,3321.81
6363,2832,62,1,2938.49
6364,2832,51,1,3252.01
6365,2832,61,1,206.76
6366,2832,75,1,672.02
6367,2833,4,2,3272.86
6368,2834,69,1,2319.04
6369,2835,67,3,1258.12
6370,2835,15,1,2253.4
6371,2835,81,1,1532.57
6372,2836,7,4,2920.0
6373,2836,19,1,2951.96
6374,2836,87,4,1113.26
6375,2836,86,3,1065.41
6376,2836,3,1,527.71
6377,2837,12,4,2786.41
6378,2837,5,1,1473.07
6379,2838,73,1,1375.78
6380,2839,21,1,1779.85
6381,2839,30,1,392.32
6382,2840,53,1,2637.75
6383,2841,29,1,2825.36
6384,2841,37,1,2970.48
6385,2841,12,1,2786.41
6386,2842,5,1,1473.07
6387,2842,13,1,2526.59
6388,2843,23,1,2165.39
6389,2844,85,2,1551.88
6390,2845,76,1,379.36
6391,2845,22,1,2169.97
6392,2845,81,1,1532.57
6393,2846,59,1,3459.8
6394,2846,68,2,1522.73
6395,2847,52,2,3365.81
6396,2847,8,3,2297.94
6397,2848,80,1,955.74
6398,2848,81,1,1532.57
6399,2848,79,3,2010.32
6400,2849,51,2,3252.01
6401,2850,21,1,1779.85
6402,2851,76,2,379.36
6403,2852,16,2,137.61
6404,2852,79,2,2010.32
6405,2853,6,1,1167.83
6406,2853,49,1,3240.94
6407,2853,29,2,2825.36
6408,2854,74,1,1567.58
6409,2854,42,2,1759.41
6410,2855,9,1,915.4
6411,2856,69,3,2319.04
6412,2857,69,4,2319.04
6413,2857,42,1,1759.41
6414,2858,15,1,2253.4
6415,2858,44,1,3005.6
6416,2859,88,1,2438.35
6417,2860,46,3,755.63
6418,2860,83,1,2165.91
6419,2861,67,1,1258.12
6420,2862,29,1,2825.36
6421,2862,88,1,2438.35
6422,2862,85,2,1551.88
6423,2863,34,1,1318.12
6424,2864,34,3,1318.12
6425,2864,21,1,1779.85
6426,2865,62,3,2938.49
6427,2865,5,2,1473.07
6428,2866,39,1,345.28
6429,2867,32,1,1851.97
6430,2867,66,1,3474.1
6431,2868,29,1,2825.36
6432,2869,78,1,1459.96
6433,2869,19,4,2951.96
6434,2869,59,3,3459.8
6435,2870,75,1,672.02
6436,2871,16,1,137.61
6437,2872,64,1,1400.43
6438,2872,29,1,2825.36
6439,2872,9,1,915.4
6440,2872,90,2,3263.49
6441,2873,84,1,3321.81
6442,2873,39,1,345.28
6443,2874,14,1,3210.71
6444,2874,58,1,2649.42
6445,2875,72,1,556.59
6446,2875,86,2,1065.41
6447,2875,5,1,1473.07
6448,2875,17,1,3309.15
6449,2876,76,1,379.36
6450,2877,79,1,2010.32
6451,2878,18,1,2679.8
6452,2878,21,-1,1779.85
6453,2879,89,1,1328.57
6454,2880,11,1,1727.17
6455,2881,68,1,1522.73
6456,2882,31,2,538.06
6457,2882,34,1,1318.12
6458,2882,67,2,1258.12
6459,2883,31,1,538.06
6460,2883,81,1,1532.57
6461,2884,69,1,2319.04
6462,2885,10,2,3383.35
6463,2885,67,1,1258.12
6464,2886,67,0,1258.12
6465,2886,22,1,2169.97
6466,2886,59,1,3459.8
6467,2886,37,1,2970.48
6468,2886,74,1,1567.58
6469,2887,88,1,2438.35
6470,2887,79,1,2010.32
6471,2888,89,1,1328.57
6472,2888,73,1,1375.78
6473,2888,13,2,2526.59
6474,2889,26,1,1862.27
6475,2890,11,1,1727.17
6476,2890,49,2,3240.94
6477,2891,56,2,2924.48
6478,2891,70,1,2172.68
6479,2891,77,1,2101.09
6480,2891,4,2,3272.86
6481,2891,9,4,915.4
6482,2892,22,1,2169.97
6483,2892,5,1,1473.07
6484,2892,78,1,1459.96
6485,2892,30,1,392.32
6486,2892,60,1,1762.66
6487,2893,65,2,123.0
6488,2893,59,1,3459.8
6489,2893,4,2,3272.86
6490,2894,79,1,2010.32
6491,2894,81,1,1532.57
6492,2895,89,4,1328.57
6493,2895,33,3,950.19
6494,2896,54,3,1405.97
6495,2896,60,1,1762.66
6496,2896,11,1,1727.17
6497,2897,85,4,1551.88
6498,2897,40,1,1943.3
6499,2898,29,1,2825.36
6500,2898,63,1,2696.04
6501,2898,42,3,1759.41
6502,2898,44,1,3005.6
6503,2899,56,1,2924.48
6504,2900,26,2,1862.27
6505,2900,86,1,1065.41
6506,2900,48,1,181.94
6507,2901,59,2,3459.8
6508,2901,31,1,538.06
6509,2902,43,2,2749.53
6510,2902,32,3,1851.97
6511,2902,69,1,2319.04
6512,2902,37,1,2970.48
6513,2902,12,1,2786.41
6514,2903,66,2,3474.1
6515,2903,1,1,1309.95
6516,2903,70,2,2172.68
6517,2904,67,2,1258.12
6518,2905,9,1,915.4
6519,2905,58,1,2649.42
6520,2905,54,2,1405.97
6521,2905,64,4,1400.43
6522,2906,1,1,1309.95
6523,2906,49,4,3240.94
6524,2906,57,1,3139.81
6525,2907,58,1,2649.42
6526,2908,59,1,3459.8
6527,2908,9,1,915.4
6528,2908,49,2,3240.94
6529,2909,66,1,3474.1
6530,2909,82,1,895.82
6531,2910,48,2,181.94
6532,2910,65,1,123.0
6533,2910,53,1,2637.75
6534,2910,38,1,3006.5
6535,2910,57,1,3139.81
6536,2911,62,1,2938.49
6537,2911,82,2,895.82
6538,2911,58,2,2649.42
6539,2912,73,1,1375.78
6540,2912,78,1,1459.96
6541,2912,5,1,1473.07
6542,2913,18,2,2679.8
6543,2914,85,2,1551.88
6544,2914,8,1,2297.94
6545,2914,23,2,2165.39
6546,2914,22,1,2169.97
6547,2915,30,1,392.32
6548,2916,84,3,3321.81
6549,2916,85,1,1551.88
6550,2916,83,3,2165.91
6551,2916,4,1,3272.86
6552,2917,60,1,1762.66
6553,2917,51,1,3252.01
6554,2918,7,1,2920.0
6555,2918,41,1,52.79
6556,2919,81,1,1532.57
6557,2919,89,4,1328.57
6558,2920,66,1,3474.1
6559,2920,11,1,1727.17
6560,2921,84,1,3321.81
6561,2922,86,3,1065.41
6562,2922,40,3,1943.3
6563,2923,80,4,955.74
6564,2923,40,1,1943.3
6565,2924,71,4,2501.52
6566,2924,84,3,3321.81
6567,2925,79,4,2010.32
6568,2925,11,1,1727.17
6569,2926,86,1,1065.41
6570,2926,41,1,52.79
6571,2926,85,1,1551.88
6572,2927,49,2,3240.94
6573,2928,48,1,181.94
6574,2929,8,1,2297.94
6575,2929,65,2,123.0
6576,2930,35,1,1986.11
6577,2930,64,3,1400.43
6578,2930,76,1,379.36
6579,2931,3,1,527.71
6580,2932,1,1,1309.95
6581,2932,67,1,1258.12
6582,2933,47,4,3108.59
6583,2933,57,2,3139.81
6584,2934,57,2,3139.81
6585,2934,36,1,805.88
6586,2934,12,1,2786.41
6587,2935,74,1,1567.58
6588,2935,59,1,3459.8
6589,2935,9,1,915.4
6590,2936,19,1,2951.96
6591,2936,59,2,3459.8
6592,2936,17,1,3309.15
6593,2936,43,1,2749.53
6594,2936,85,2,1551.88
6595,2937,36,1,805.88
6596,2937,37,2,2970.48
6597,2937,79,1,2010.32
6598,2937,90,1,3263.49
6599,2937,49,1,3240.94
6600,2938,22,2,2169.97
6601,2938,75,2,672.02
6602,2938,2,3,1977.49
6603,2938,4,1,3272.86
6604,2939,83,1,2165.91
6605,2939,6,1,1167.83
6606,2940,43,1,2749.53
6607,2941,47,2,3108.59
6608,2941,72,1,556.59
6609,2942,26,2,1862.27
6610,2942,68,2,1522.73
6611,2942,64,1,1400.43
6612,2943,85,3,1551.88
6613,2943,44,1,3005.6
6614,2944,55,1,585.23
6615,2944,11,2,1727.17
6616,2945,7,1,2920.0
6617,2945,60,1,1762.66
6618,2945,41,2,52.79
6619,2946,88,2,2438.35
6620,2946,59,2,3459.8
6621,2946,54,2,1405.97
6622,2947,17,2,3309.15
6623,2947,8,2,2297.94
6624,2947,33,2,950.19
6625,2948,84,3,3321.81
6626,2949,72,3,556.59
6627,2949,84,2,3321.81
6628,2949,15,1,2253.4
6629,2950,62,1,2938.49
6630,2951,89,2,1328.57
6631,2951,1,2,1309.95
6632,2951,70,4,2172.68
6633,2952,10,2,3383.35
6634,2952,36,1,805.88
6635,2952,37,3,2970.48
6636,2953,18,2,2679.8
6637,2953,38,1,3006.5
6638,2953,7,1,2920.0
6639,2953,51,2,3252.01
6640,2954,86,3,1065.41
6641,2955,88,1,2438.35
6642,2955,63,1,2696.04
6643,2956,34,2,1318.12
6644,2956,83,2,2165.91
6645,2957,3,1,527.71
6646,2958,14,3,3210.71
6647,2958,80,1,955.74
6648,2958,52,1,3365.81
6649,2959,5,2,1473.07
6650,2959,35,2,1986.11
6651,2960,56,1,2924.48
6652,2960,19,1,2951.96
6653,2961,55,1,585.23
6654,2961,19,1,2951.96
6655,2961,71,1,2501.52
6656,2961,43,4,2749.53
6657,2961,84,1,3321.81
6658,2962,81,2,1532.57
6659,2963,63,1,2696.04
6660,2963,77,2,2101.09
6661,2964,49,1,3240.94
6662,2964,68,1,1522.73
6663,2964,28,1,2849.69
6664,2964,72,1,556.59
6665,2965,73,2,1375.78
6666,2965,42,1,1759.41
6667,2965,58,3,2649.42
6668,2965,88,1,2438.35
6669,2966,31,3,538.06
6670,2967,52,1,3365.81
6671,2967,73,2,1375.78
6672,2968,69,1,2319.04
6673,2969,81,3,1532.57
6674,2970,87,2,1113.26
6675,2970,58,1,2649.42
6676,2971,21,1,1779.85
6677,2972,68,1,1522.73
6678,2973,90,1,3263.49
6679,2973,86,1,1065.41
6680,2973,1,3,1309.95
6681,2973,16,4,137.61
6682,2974,37,1,2970.48
6683,2974,17,4,3309.15
6684,2974,62,1,2938.49
6685,2975,33,1,950.19
6686,2975,51,1,3252.01
6687,2975,28,1,2849.69
6688,2976,2,1,1977.49
6689,2976,90,2,3263.49
6690,2976,1,1,1309.95
6691,2977,70,1,2172.68
6692,2978,39,1,345.28
6693,2978,31,1,538.06
6694,2978,5,2,1473.07
6695,2979,43,1,2749.53
6696,2980,55,1,585.23
6697,2981,35,3,1986.11
6698,2981,69,1,2319.04
6699,2981,65,1,123.0
6700,2981,74,2,1567.58
6701,2981,75,2,672.02
6702,2982,14,2,3210.71
6703,2983,39,3,345.28
6704,2983,66,1,3474.1
6705,2983,88,1,2438.35
6706,2984,33,3,950.19
6707,2984,58,1,2649.42
6708,2984,87,1,1113.26
6709,2984,66,2,3474.1
6710,2985,86,1,1065.41
6711,2985,81,1,1532.57
6712,2985,87,2,1113.26
6713,2986,75,1,672.02
6714,2986,1,1,1309.95
6715,2986,41,1,52.79
6716,2987,5,1,1473.07
6717,2987,1,1,1309.95
6718,2987,4,1,3272.86
6719,2988,42,3,1759.41
6720,2988,12,1,2786.41
6721,2989,88,1,2438.35
6722,2989,30,1,392.32
6723,2989,7,2,2920.0
6724,2990,4,2,3272.86
6725,2990,76,1,379.36
6726,2990,7,2,2920.0
6727,2991,72,3,556.59
6728,2991,61,1,206.76
6729,2992,34,1,1318.12
6730,2993,68,1,1522.73
6731,2993,17,1,3309.15
6732,2994,13,4,2526.59
6733,2994,65,4,123.0
6734,2995,60,1,1762.66
6735,2996,64,2,1400.43
6736,2997,62,1,2938.49
6737,2997,40,1,1943.3
6738,2998,44,1,3005.6
6739,2998,61,1,206.76
6740,2998,77,1,2101.09
6741,2998,79,3,2010.32
6742,2999,68,1,1522.73
6743,2999,33,3,950.19
6744,2999,80,2,955.74
6745,3000,4,2,3272.86
6746,3000,13,2,2526.59
6747,3000,38,4,3006.5
6748,3001,13,2,2526.59
6749,3001,86,2,1065.41
6750,3002,44,1,3005.6
6751,3003,10,1,3383.35
6752,3003,12,2,2786.41
6753,3004,34,2,1318.12
6754,3004,71,1,2501.52
6755,3005,3,1,527.71
6756,3005,62,1,2938.49
6757,3005,28,2,2849.69
6758,3006,80,1,955.74
6759,3007,38,1,3006.5
6760,3007,30,1,392.32
6761,3008,73,2,1375.78
6762,3008,70,4,2172.68
6763,3008,63,1,2696.04
6764,3009,61,1,206.76
6765,3010,35,1,1986.11
6766,3010,3,1,527.71
6767,3010,86,1,1065.41
6768,3011,4,2,3272.86
6769,3011,84,1,3321.81
6770,3012,82,1,895.82
6771,3013,55,1,585.23
6772,3013,18,1,2679.8
6773,3013,63,1,2696.04
6774,3014,78,1,1459.96
6775,3014,66,1,3474.1
6776,3014,57,3,3139.81
6777,3014,58,3,2649.42
6778,3014,33,1,950.19
6779,3015,85,1,1551.88
6780,3016,26,1,1862.27
6781,3016,9,1,915.4
6782,3017,43,1,2749.53
6783,3017,47,2,3108.59
6784,3018,63,1,2696.04
6785,3019,60,1,1762.66
6786,3019,44,1,3005.6
6787,3020,62,1,2938.49
6788,3021,41,1,52.79
6789,3021,76,2,379.36
6790,3022,76,1,379.36
6791,3023,53,2,2637.75
6792,3024,52,1,3365.81
6793,3024,44,1,3005.6
6794,3024,59,2,3459.8
6795,3025,66,2,3474.1
6796,3025,33,1,950.19
6797,3025,79,1,2010.32
6798,3026,41,4,52.79
6799,3026,78,2,1459.96
6800,3027,63,4,2696.04
6801,3028,49,2,3240.94
6802,3028,29,2,2825.36
6803,3029,79,3,2010.32
6804,3030,4,2,3272.86
6805,3030,75,2,672.02
6806,3030,83,1,2165.91
6807,3031,42,1,1759.41
6808,3032,47,2,3108.59
6809,3032,17,1,3309.15
6810,3033,35,1,1986.11
6811,3033,77,1,2101.09
6812,3033,56,1,2924.48
6813,3033,46,1,755.63
6814,3034,2,-1,1977.49
6815,3034,1,3,1309.95
6816,3035,74,2,1567.58
6817,3035,68,3,1522.73
6818,3035,87,1,1113.26
6819,3035,22,4,2169.97
6820,3035,90,3,3263.49
6821,3036,31,1,538.06
6822,3036,82,1,895.82
6823,3036,66,4,3474.1
6824,3036,55,1,585.23
6825,3036,89,1,1328.57
6826,3037,18,2,2679.8
6827,3037,86,2,1065.41
6828,3038,32,1,1851.97
6829,3038,48,1,181.94
6830,3039,88,1,2438.35
6831,3039,76,2,379.36
6832,3040,34,1,1318.12
6833,3040,35,1,1986.11
6834,3041,90,1,3263.49
6835,3042,11,1,1727.17
6836,3042,83,1,2165.91
6837,3042,4,2,3272.86
6838,3042,51,1,3252.01
6839,3043,8,1,2297.94
6840,3043,85,1,1551.88
6841,3043,43,2,2749.53
6842,3044,85,3,1551.88
6843,3044,13,1,2526.59
6844,3044,40,4,1943.3
6845,3044,48,1,181.94
6846,3045,43,1,2749.53
6847,3045,75,2,672.02
6848,3045,68,1,1522.73
6849,3046,51,4,3252.01
6850,3046,76,1,379.36
6851,3046,3,1,527.71
6852,3046,70,1,2172.68
6853,3046,28,1,2849.69
6854,3047,47,2,3108.59
6855,3047,64,1,1400.43
6856,3047,19,3,2951.96
6857,3048,77,1,2101.09
6858,3048,39,1,345.28
6859,3049,17,1,3309.15
6860,3049,32,2,1851.97
6861,3050,68,-1,1522.73
6862,3051,57,3,3139.81
6863,3051,90,1,3263.49
6864,3051,64,2,1400.43
6865,3052,22,1,2169.97
6866,3052,41,1,52.79
6867,3053,17,2,3309.15
6868,3054,8,1,2297.94
6869,3054,5,2,1473.07
6870,3054,60,1,1762.66
6871,3054,36,3,805.88
6872,3055,2,1,1977.49
6873,3056,32,4,1851.97
6874,3056,62,2,2938.49
6875,3057,64,1,1400.43
6876,3058,78,3,1459.96
6877,3058,47,1,3108.59
6878,3059,71,1,2501.52
6879,3059,68,1,1522.73
6880,3060,7,1,2920.0
6881,3061,49,1,3240.94
6882,3061,36,1,805.88
6883,3062,72,0,556.59
6884,3062,41,2,52.79
6885,3063,56,1,2924.48
6886,3063,32,3,1851.97
6887,3063,30,3,392.32
6888,3064,30,2,392.32
6889,3064,75,1,672.02
6890,3065,26,1,1862.27
6891,3066,89,1,1328.57
6892,3067,66,0,3474.1
6893,3067,12,2,2786.41
6894,3068,29,1,2825.36
6895,3069,82,1,895.82
6896,3069,73,1,1375.78
6897,3069,48,2,181.94
6898,3069,84,4,3321.81
6899,3069,21,2,1779.85
6900,3070,75,1,672.02
6901,3070,81,1,1532.57
6902,3070,32,2,1851.97
6903,3070,71,1,2501.52
6904,3070,60,1,1762.66
6905,3071,86,1,1065.41
6906,3072,64,2,1400.43
6907,3072,79,1,2010.32
6908,3072,5,4,1473.07
6909,3072,88,1,2438.35
6910,3073,87,4,1113.26
6911,3074,75,1,672.02
6912,3074,63,1,2696.04
6913,3075,12,1,2786.41
6914,3075,34,1,1318.12
6915,3076,51,1,3252.01
6916,3076,81,2,1532.57
6917,3076,44,1,3005.6
6918,3077,73,1,1375.78
6919,3077,8,1,2297.94
6920,3077,28,2,2849.69
6921,3078,31,1,538.06
6922,3079,59,1,3459.8
6923,3080,66,1,3474.1
6924,3081,10,-1,3383.35
6925,3081,6,1,1167.83
6926,3082,60,1,1762.66
6927,3083,31,1,538.06
6928,3083,36,1,805.88
6929,3083,53,2,2637.75
6930,3083,57,2,3139.81
6931,3083,40,1,1943.3
6932,3084,34,1,1318.12
6933,3084,51,2,3252.01
6934,3084,13,1,2526.59
6935,3085,53,1,2637.75
6936,3086,36,2,805.88
6937,3086,48,1,181.94
6938,3086,41,1,52.79
6939,3087,58,3,2649.42
6940,3088,39,1,345.28
6941,3089,88,1,2438.35
6942,3089,23,1,2165.39
6943,3090,33,4,950.19
6944,3090,48,1,181.94
6945,3090,53,1,2637.75
6946,3091,85,1,1551.88
6947,3091,79,1,2010.32
6948,3091,63,1,2696.04
6949,3091,43,2,2749.53
6950,3092,86,4,1065.41
6951,3093,80,1,955.74
6952,3093,41,3,52.79
6953,3094,2,2,1977.49
6954,3094,48,2,181.94
6955,3094,59,2,3459.8
6956,3095,47,3,3108.59
6957,3095,75,1,672.02
6958,3096,30,1,392.32
6959,3097,58,1,2649.42
6960,3098,79,2,2010.32
6961,3098,67,2,1258.12
6962,3098,13,1,2526.59
6963,3099,19,1,2951.96
6964,3099,7,1,2920.0
6965,3099,21,2,1779.85
6966,3099,77,2,2101.09
6967,3099,57,2,3139.81
6968,3100,19,1,2951.96
6969,3101,21,1,1779.85
6970,3102,13,1,2526.59
6971,3103,22,2,2169.97
6972,3103,38,2,3006.5
6973,3104,34,2,1318.12
6974,3104,48,1,181.94
6975,3104,22,4,2169.97
6976,3105,40,2,1943.3
6977,3105,59,3,3459.8
6978,3105,69,4,2319.04
6979,3106,53,1,2637.75
6980,3106,32,1,1851.97
6981,3107,7,1,2920.0
6982,3108,69,3,2319.04
6983,3109,22,1,2169.97
6984,3109,60,3,1762.66
6985,3110,47,2,3108.59
6986,3111,65,2,123.0
6987,3111,30,1,392.32
6988,3111,76,1,379.36
6989,3112,28,4,2849.69
6990,3113,11,1,1727.17
6991,3113,30,1,392.32
6992,3114,69,2,2319.04
6993,3114,4,1,3272.86
6994,3115,40,1,1943.3
6995,3115,43,1,2749.53
6996,3115,10,1,3383.35
6997,3116,73,1,1375.78
6998,3116,89,3,1328.57
6999,3116,79,1,2010.32
7000,3117,29,1,2825.36
7001,3117,30,3,392.32
7002,3117,89,2,1328.57
7003,3117,65,3,123.0
7004,3117,40,1,1943.3
7005,3118,11,1,1727.17
7006,3118,85,1,1551.88
7007,3118,3,1,527.71
7008,3119,28,1,2849.69
7009,3120,29,1,2825.36
7010,3121,9,2,915.4
7011,3121,78,1,1459.96
7012,3121,62,1,2938.49
7013,3121,84,2,3321.81
7014,3122,36,2,805.88
7015,3123,88,2,2438.35
7016,3124,1,1,1309.95
7017,3124,26,2,1862.27
7018,3125,87,2,1113.26
7019,3125,14,2,3210.71
7020,3125,15,2,2253.4
7021,3126,59,1,3459.8
7022,3127,79,2,2010.32
7023,3127,38,1,3006.5
7024,3127,7,1,2920.0
7025,3128,47,1,3108.59
7026,3128,30,2,392.32
7027,3128,21,4,1779.85
7028,3128,4,1,3272.86
7029,3129,31,1,538.06
7030,3129,68,2,1522.73
7031,3129,10,1,3383.35
7032,3130,59,3,3459.8
7033,3130,75,3,672.02
7034,3130,36,2,805.88
7035,3130,90,2,3263.49
7036,3131,58,1,2649.42
7037,3131,40,1,1943.3
7038,3131,82,2,895.82
7039,3132,59,2,3459.8
7040,3133,4,2,3272.86
7041,3133,65,1,123.0
7042,3133,74,2,1567.58
7043,3133,11,2,1727.17
7044,3133,6,2,1167.83
7045,3134,72,1,556.59
7046,3135,37,1,2970.48
7047,3136,63,2,2696.04
7048,3136,23,2,2165.39
7049,3136,29,1,2825.36
7050,3137,60,1,1762.66
7051,3138,65,1,123.0
7052,3139,51,0,3252.01
7053,3140,65,1,123.0
7054,3140,77,1,2101.09
7055,3141,38,1,3006.5
7056,3142,79,1,2010.32
7057,3142,51,3,3252.01
7058,3143,34,1,1318.12
7059,3144,62,1,2938.49
7060,3145,54,2,1405.97
7061,3146,60,4,1762.66
7062,3147,28,1,2849.69
7063,3147,46,1,755.63
7064,3147,51,1,3252.01
7065,3147,32,1,1851.97
7066,3148,44,2,3005.6
7067,3148,47,1,3108.59
7068,3149,5,2,1473.07
7069,3149,85,2,1551.88
7070,3149,61,1,206.76
7071,3150,81,1,1532.57
7072,3150,90,3,3263.49
7073,3150,85,3,1551.88
7074,3150,80,1,955.74
7075,3151,15,1,2253.4
7076,3151,23,4,2165.39
7077,3151,86,2,1065.41
7078,3152,64,2,1400.43
7079,3152,44,1,3005.6
7080,3153,38,1,3006.5
7081,3153,88,1,2438.35
7082,3153,29,1,2825.36
7083,3154,62,1,2938.49
7084,3154,87,1,1113.26
7085,3154,83,2,2165.91
7086,3154,57,2,3139.81
7087,3154,40,1,1943.3
7088,3155,70,1,2172.68
7089,3155,67,1,1258.12
7090,3155,86,0,1065.41
7091,3156,33,1,950.19
7092,3156,88,3,2438.35
7093,3157,52,1,3365.81
7094,3158,62,2,2938.49
7095,3158,56,1,2924.48
7096,3158,11,2,1727.17
7097,3159,18,2,2679.8
7098,3159,55,3,585.23
7099,3159,89,3,1328.57
7100,3160,12,3,2786.41
7101,3161,86,1,1065.41
7102,3161,4,3,3272.86
7103,3161,79,3,2010.32
7104,3162,60,1,1762.66
7105,3162,34,2,1318.12
7106,3162,31,1,538.06
7107,3163,49,1,3240.94
7108,3163,52,2,3365.81
7109,3164,77,1,2101.09
7110,3164,32,1,1851.97
7111,3165,5,3,1473.07
7112,3165,51,1,3252.01
7113,3165,54,1,1405.97
7114,3166,60,1,1762.66
7115,3167,88,2,2438.35
7116,3168,81,2,1532.57
7117,3168,16,2,137.61
7118,3169,70,1,2172.68
7119,3170,12,1,2786.41
7120,3170,64,1,1400.43
7121,3170,63,1,2696.04
7122,3170,40,1,1943.3
7123,3171,70,1,2172.68
7124,3172,64,1,1400.43
7125,3173,7,1,2920.0
7126,3173,75,1,672.02
7127,3174,70,1,2172.68
7128,3175,54,2,1405.97
7129,3175,31,1,538.06
7130,3176,70,1,2172.68
7131,3176,41,1,52.79
7132,3176,30,1,392.32
7133,3177,70,1,2172.68
7134,3178,19,0,2951.96
7135,3179,58,1,2649.42
7136,3179,2,1,1977.49
7137,3179,83,2,2165.91
7138,3179,85,3,1551.88
7139,3180,57,1,3139.81
7140,3180,38,1,3006.5
7141,3181,58,4,2649.42
7142,3181,10,2,3383.35
7143,3181,62,2,2938.49
7144,3182,49,1,3240.94
7145,3183,3,2,527.71
7146,3183,28,1,2849.69
7147,3183,73,1,1375.78
7148,3184,56,1,2924.48
7149,3184,76,1,379.36
7150,3185,81,1,1532.57
7151,3185,64,1,1400.43
7152,3185,40,1,1943.3
7153,3185,52,1,3365.81
7154,3186,33,2,950.19
7155,3187,34,2,1318.12
7156,3187,55,2,585.23
7157,3187,89,1,1328.57
7158,3188,63,2,2696.04
7159,3188,57,2,3139.81
7160,3189,2,1,1977.49
7161,3189,22,2,2169.97
7162,3190,42,1,1759.41
7163,3190,58,4,2649.42
7164,3190,11,2,1727.17
7165,3190,46,2,755.63
7166,3191,3,1,527.71
7167,3192,64,1,1400.43
7168,3192,71,1,2501.52
7169,3192,22,2,2169.97
7170,3192,44,2,3005.6
7171,3193,43,2,2749.53
7172,3193,42,1,1759.41
7173,3194,30,1,392.32
7174,3194,37,1,2970.48
7175,3195,42,1,1759.41
7176,3195,84,2,3321.81
7177,3195,74,1,1567.58
7178,3195,57,3,3139.81
7179,3195,6,1,1167.83
7180,3196,83,2,2165.91
7181,3197,70,3,2172.68
7182,3197,73,1,1375.78
7183,3197,61,2,206.76
7184,3198,10,1,3383.35
7185,3198,26,2,1862.27
7186,3198,84,1,3321.81
7187,3199,78,1,1459.96
7188,3199,73,3,1375.78
7189,3199,14,3,3210.71
7190,3200,18,2,2679.8
7191,3200,6,2,1167.83
